[15:00:35][no_game_date][defines.cpp:270]: 4469 defines loaded
[15:01:25][no_game_date][gamestate.cpp:2841]: Loaded 13439 provinces.
[15:01:34][no_game_date][gameapplication.cpp:2969]: Resetting game
[15:01:35][1936.01.01.12][history.cpp:165]: Executing History from -1.1.1.1 to  2.1.1.1
[15:01:36][1936.01.01.12][history.cpp:165]: Executing History from 2.1.1.1 to  1936.1.1.12
[15:02:27][1936.01.01.12][frontend.cpp:682]: 

		[[ Launching SINGLEPLAYER-game ]]
	Start-date: 1936.1.1.12

[15:02:32][1936.01.01.12][ingameidler.cpp:5175]: Start RestoreDeviceObjects
[15:02:41][1936.01.01.12][ingameidler.cpp:5325]: End RestoreDeviceObjects
[15:02:41][1936.01.01.12][effectbase.cpp:1783]: Something went wrong with the Conflict Risk stuff
[15:02:41][1936.01.01.12][effectbase.cpp:1799]: [15:06:40][1936.02.01.01][effectbase.cpp:1783]: HOI4_FACTORY_TRACKER| 1:00, 1 February, 1936|ADT|140|55|31
[15:06:40][1936.02.01.01][effectbase.cpp:1799]: [15:06:40][1936.02.01.01][effectbase.cpp:1783]: HOI4_FACTORY_TRACKER| 1:00, 1 February, 1936|SWE|15|3|3
[15:06:40][1936.02.01.01][effectbase.cpp:1799]: [15:06:40][1936.02.01.01][effectbase.cpp:1783]: HOI4_FACTORY_TRACKER| 1:00, 1 February, 1936|LUX|3|1|0
[15:06:40][1936.02.01.01][effectbase.cpp:1799]: [15:06:40][1936.02.01.01][effectbase.cpp:1783]: HOI4_FACTORY_TRACKER| 1:00, 1 February, 1936|BEL|11|6|0
[15:06:40][1936.02.01.01][effectbase.cpp:1799]: [15:06:40][1936.02.01.01][effectbase.cpp:1783]: HOI4_FACTORY_TRACKER| 1:00, 1 February, 1936|HOL|17|6|1
[15:06:40][1936.02.01.01][effectbase.cpp:1799]: [15:06:40][1936.02.01.01][effectbase.cpp:1783]: HOI4_FACTORY_TRACKER| 1:00, 1 February, 1936|CZE|16|9|0
[15:06:40][1936.02.01.01][effectbase.cpp:1799]: [15:06:40][1936.02.01.01][effectbase.cpp:1783]: HOI4_FACTORY_TRACKER| 1:00, 1 February, 1936|POL|18|9|0
[15:06:40][1936.02.01.01][effectbase.cpp:1799]: [15:06:40][1936.02.01.01][effectbase.cpp:1783]: HOI4_FACTORY_TRACKER| 1:00, 1 February, 1936|AUS|12|3|0
[15:06:40][1936.02.01.01][effectbase.cpp:1799]: [15:06:40][1936.02.01.01][effectbase.cpp:1783]: HOI4_FACTORY_TRACKER| 1:00, 1 February, 1936|LIT|5|2|0
[15:06:40][1936.02.01.01][effectbase.cpp:1799]: [15:06:40][1936.02.01.01][effectbase.cpp:1783]: HOI4_FACTORY_TRACKER| 1:00, 1 February, 1936|EST|4|2|0
[15:06:40][1936.02.01.01][effectbase.cpp:1799]: [15:06:40][1936.02.01.01][effectbase.cpp:1783]: HOI4_FACTORY_TRACKER| 1:00, 1 February, 1936|LAT|7|3|1
[15:06:40][1936.02.01.01][effectbase.cpp:1799]: [15:06:40][1936.02.01.01][effectbase.cpp:1783]: HOI4_FACTORY_TRACKER| 1:00, 1 February, 1936|ROM|16|7|2
[15:06:40][1936.02.01.01][effectbase.cpp:1799]: [15:06:40][1936.02.01.01][effectbase.cpp:1783]: HOI4_FACTORY_TRACKER| 1:00, 1 February, 1936|YUG|16|3|1
[15:06:40][1936.02.01.01][effectbase.cpp:1799]: [15:06:40][1936.02.01.01][effectbase.cpp:1783]: HOI4_FACTORY_TRACKER| 1:00, 1 February, 1936|SWI|9|4|0
[15:06:40][1936.02.01.01][effectbase.cpp:1799]: [15:06:40][1936.02.01.01][effectbase.cpp:1783]: HOI4_FACTORY_TRACKER| 1:00, 1 February, 1936|GRE|9|2|2
[15:06:40][1936.02.01.01][effectbase.cpp:1799]: [15:06:40][1936.02.01.01][effectbase.cpp:1783]: HOI4_FACTORY_TRACKER| 1:00, 1 February, 1936|ALB|2|1|0
[15:06:40][1936.02.01.01][effectbase.cpp:1799]: [15:06:40][1936.02.01.01][effectbase.cpp:1783]: HOI4_FACTORY_TRACKER| 1:00, 1 February, 1936|NOR|7|2|2
[15:06:40][1936.02.01.01][effectbase.cpp:1799]: [15:06:40][1936.02.01.01][effectbase.cpp:1783]: HOI4_FACTORY_TRACKER| 1:00, 1 February, 1936|DEN|8|2|2
[15:06:40][1936.02.01.01][effectbase.cpp:1799]: [15:06:40][1936.02.01.01][effectbase.cpp:1783]: HOI4_FACTORY_TRACKER| 1:00, 1 February, 1936|BUL|10|3|0
[15:06:40][1936.02.01.01][effectbase.cpp:1799]: [15:06:40][1936.02.01.01][effectbase.cpp:1783]: HOI4_FACTORY_TRACKER| 1:00, 1 February, 1936|POR|9|2|3
[15:06:40][1936.02.01.01][effectbase.cpp:1799]: [15:06:40][1936.02.01.01][effectbase.cpp:1783]: HOI4_FACTORY_TRACKER| 1:00, 1 February, 1936|IRE|8|1|0
[15:06:40][1936.02.01.01][effectbase.cpp:1799]: [15:06:40][1936.02.01.01][effectbase.cpp:1783]: HOI4_FACTORY_TRACKER| 1:00, 1 February, 1936|HUN|10|7|0
[15:06:40][1936.02.01.01][effectbase.cpp:1799]: [15:06:40][1936.02.01.01][effectbase.cpp:1783]: HOI4_FACTORY_TRACKER| 1:00, 1 February, 1936|ETH|2|2|0
[15:06:40][1936.02.01.01][effectbase.cpp:1799]: [15:06:40][1936.02.01.01][effectbase.cpp:1783]: HOI4_FACTORY_TRACKER| 1:00, 1 February, 1936|PER|11|3|0
[15:06:40][1936.02.01.01][effectbase.cpp:1799]: [15:06:40][1936.02.01.01][effectbase.cpp:1783]: HOI4_FACTORY_TRACKER| 1:00, 1 February, 1936|MAL|1|0|1
[15:06:40][1936.02.01.01][effectbase.cpp:1799]: [15:06:40][1936.02.01.01][effectbase.cpp:1783]: HOI4_FACTORY_TRACKER| 1:00, 1 February, 1936|INS|6|1|1
[15:06:40][1936.02.01.01][effectbase.cpp:1799]: [15:06:40][1936.02.01.01][effectbase.cpp:1783]: HOI4_FACTORY_TRACKER| 1:00, 1 February, 1936|AFA|0|0|0
[15:06:40][1936.02.01.01][effectbase.cpp:1799]: [15:07:10][1936.02.04.01][effectbase.cpp:1783]: Fully cantons activated
[15:07:10][1936.02.04.01][effectbase.cpp:1799]: [15:07:24][1936.03.01.01][effectbase.cpp:1783]: HOI4_FACTORY_TRACKER| 1:00, 1 March, 1936|ADT|143|57|32
[15:07:24][1936.03.01.01][effectbase.cpp:1799]: [15:07:24][1936.03.01.01][effectbase.cpp:1783]: HOI4_FACTORY_TRACKER| 1:00, 1 March, 1936|SWE|15|3|3
[15:07:24][1936.03.01.01][effectbase.cpp:1799]: [15:07:24][1936.03.01.01][effectbase.cpp:1783]: HOI4_FACTORY_TRACKER| 1:00, 1 March, 1936|LUX|3|1|0
[15:07:24][1936.03.01.01][effectbase.cpp:1799]: [15:07:24][1936.03.01.01][effectbase.cpp:1783]: HOI4_FACTORY_TRACKER| 1:00, 1 March, 1936|BEL|11|6|0
[15:07:24][1936.03.01.01][effectbase.cpp:1799]: [15:07:24][1936.03.01.01][effectbase.cpp:1783]: HOI4_FACTORY_TRACKER| 1:00, 1 March, 1936|HOL|18|6|1
[15:07:24][1936.03.01.01][effectbase.cpp:1799]: [15:07:24][1936.03.01.01][effectbase.cpp:1783]: HOI4_FACTORY_TRACKER| 1:00, 1 March, 1936|CZE|17|9|0
[15:07:24][1936.03.01.01][effectbase.cpp:1799]: [15:07:24][1936.03.01.01][effectbase.cpp:1783]: HOI4_FACTORY_TRACKER| 1:00, 1 March, 1936|POL|18|9|0
[15:07:24][1936.03.01.01][effectbase.cpp:1799]: [15:07:24][1936.03.01.01][effectbase.cpp:1783]: HOI4_FACTORY_TRACKER| 1:00, 1 March, 1936|AUS|12|3|0
[15:07:24][1936.03.01.01][effectbase.cpp:1799]: [15:07:24][1936.03.01.01][effectbase.cpp:1783]: HOI4_FACTORY_TRACKER| 1:00, 1 March, 1936|LIT|5|2|0
[15:07:24][1936.03.01.01][effectbase.cpp:1799]: [15:07:24][1936.03.01.01][effectbase.cpp:1783]: HOI4_FACTORY_TRACKER| 1:00, 1 March, 1936|EST|4|2|0
[15:07:24][1936.03.01.01][effectbase.cpp:1799]: [15:07:24][1936.03.01.01][effectbase.cpp:1783]: HOI4_FACTORY_TRACKER| 1:00, 1 March, 1936|LAT|7|3|1
[15:07:24][1936.03.01.01][effectbase.cpp:1799]: [15:07:24][1936.03.01.01][effectbase.cpp:1783]: HOI4_FACTORY_TRACKER| 1:00, 1 March, 1936|ROM|16|7|2
[15:07:24][1936.03.01.01][effectbase.cpp:1799]: [15:07:24][1936.03.01.01][effectbase.cpp:1783]: HOI4_FACTORY_TRACKER| 1:00, 1 March, 1936|YUG|16|3|1
[15:07:24][1936.03.01.01][effectbase.cpp:1799]: [15:07:24][1936.03.01.01][effectbase.cpp:1783]: HOI4_FACTORY_TRACKER| 1:00, 1 March, 1936|SWI|9|4|0
[15:07:24][1936.03.01.01][effectbase.cpp:1799]: [15:07:24][1936.03.01.01][effectbase.cpp:1783]: HOI4_FACTORY_TRACKER| 1:00, 1 March, 1936|GRE|9|2|2
[15:07:24][1936.03.01.01][effectbase.cpp:1799]: [15:07:24][1936.03.01.01][effectbase.cpp:1783]: HOI4_FACTORY_TRACKER| 1:00, 1 March, 1936|ALB|2|1|0
[15:07:24][1936.03.01.01][effectbase.cpp:1799]: [15:07:24][1936.03.01.01][effectbase.cpp:1783]: HOI4_FACTORY_TRACKER| 1:00, 1 March, 1936|NOR|7|2|2
[15:07:24][1936.03.01.01][effectbase.cpp:1799]: [15:07:24][1936.03.01.01][effectbase.cpp:1783]: HOI4_FACTORY_TRACKER| 1:00, 1 March, 1936|DEN|8|2|2
[15:07:24][1936.03.01.01][effectbase.cpp:1799]: [15:07:24][1936.03.01.01][effectbase.cpp:1783]: HOI4_FACTORY_TRACKER| 1:00, 1 March, 1936|BUL|10|3|0
[15:07:24][1936.03.01.01][effectbase.cpp:1799]: [15:07:24][1936.03.01.01][effectbase.cpp:1783]: HOI4_FACTORY_TRACKER| 1:00, 1 March, 1936|POR|9|2|3
[15:07:24][1936.03.01.01][effectbase.cpp:1799]: [15:07:24][1936.03.01.01][effectbase.cpp:1783]: HOI4_FACTORY_TRACKER| 1:00, 1 March, 1936|IRE|8|1|0
[15:07:24][1936.03.01.01][effectbase.cpp:1799]: [15:07:24][1936.03.01.01][effectbase.cpp:1783]: HOI4_FACTORY_TRACKER| 1:00, 1 March, 1936|HUN|10|7|0
[15:07:24][1936.03.01.01][effectbase.cpp:1799]: [15:07:24][1936.03.01.01][effectbase.cpp:1783]: HOI4_FACTORY_TRACKER| 1:00, 1 March, 1936|ETH|2|2|0
[15:07:24][1936.03.01.01][effectbase.cpp:1799]: [15:07:24][1936.03.01.01][effectbase.cpp:1783]: HOI4_FACTORY_TRACKER| 1:00, 1 March, 1936|PER|11|3|0
[15:07:24][1936.03.01.01][effectbase.cpp:1799]: [15:07:24][1936.03.01.01][effectbase.cpp:1783]: HOI4_FACTORY_TRACKER| 1:00, 1 March, 1936|MAL|1|0|1
[15:07:24][1936.03.01.01][effectbase.cpp:1799]: [15:07:24][1936.03.01.01][effectbase.cpp:1783]: HOI4_FACTORY_TRACKER| 1:00, 1 March, 1936|INS|6|1|1
[15:07:24][1936.03.01.01][effectbase.cpp:1799]: [15:07:24][1936.03.01.01][effectbase.cpp:1783]: HOI4_FACTORY_TRACKER| 1:00, 1 March, 1936|AFA|0|0|0
[15:07:24][1936.03.01.01][effectbase.cpp:1799]: [15:07:26][1936.03.04.06][effectbase.cpp:1783]: random event 1
[15:07:26][1936.03.04.06][effectbase.cpp:1799]: [15:07:42][1936.04.01.01][effectbase.cpp:1783]: HOI4_FACTORY_TRACKER| 1:00, 1 April, 1936|ADT|147|58|32
[15:07:42][1936.04.01.01][effectbase.cpp:1799]: [15:07:42][1936.04.01.01][effectbase.cpp:1783]: HOI4_FACTORY_TRACKER| 1:00, 1 April, 1936|SWE|16|3|3
[15:07:42][1936.04.01.01][effectbase.cpp:1799]: [15:07:42][1936.04.01.01][effectbase.cpp:1783]: HOI4_FACTORY_TRACKER| 1:00, 1 April, 1936|LUX|3|1|0
[15:07:42][1936.04.01.01][effectbase.cpp:1799]: [15:07:42][1936.04.01.01][effectbase.cpp:1783]: HOI4_FACTORY_TRACKER| 1:00, 1 April, 1936|BEL|11|6|0
[15:07:42][1936.04.01.01][effectbase.cpp:1799]: [15:07:42][1936.04.01.01][effectbase.cpp:1783]: HOI4_FACTORY_TRACKER| 1:00, 1 April, 1936|HOL|18|6|1
[15:07:42][1936.04.01.01][effectbase.cpp:1799]: [15:07:42][1936.04.01.01][effectbase.cpp:1783]: HOI4_FACTORY_TRACKER| 1:00, 1 April, 1936|CZE|17|9|0
[15:07:42][1936.04.01.01][effectbase.cpp:1799]: [15:07:42][1936.04.01.01][effectbase.cpp:1783]: HOI4_FACTORY_TRACKER| 1:00, 1 April, 1936|POL|18|9|0
[15:07:42][1936.04.01.01][effectbase.cpp:1799]: [15:07:42][1936.04.01.01][effectbase.cpp:1783]: HOI4_FACTORY_TRACKER| 1:00, 1 April, 1936|AUS|12|3|0
[15:07:42][1936.04.01.01][effectbase.cpp:1799]: [15:07:42][1936.04.01.01][effectbase.cpp:1783]: HOI4_FACTORY_TRACKER| 1:00, 1 April, 1936|LIT|5|2|0
[15:07:42][1936.04.01.01][effectbase.cpp:1799]: [15:07:42][1936.04.01.01][effectbase.cpp:1783]: HOI4_FACTORY_TRACKER| 1:00, 1 April, 1936|EST|4|2|0
[15:07:42][1936.04.01.01][effectbase.cpp:1799]: [15:07:42][1936.04.01.01][effectbase.cpp:1783]: HOI4_FACTORY_TRACKER| 1:00, 1 April, 1936|LAT|7|3|1
[15:07:42][1936.04.01.01][effectbase.cpp:1799]: [15:07:42][1936.04.01.01][effectbase.cpp:1783]: HOI4_FACTORY_TRACKER| 1:00, 1 April, 1936|ROM|16|7|4
[15:07:42][1936.04.01.01][effectbase.cpp:1799]: [15:07:42][1936.04.01.01][effectbase.cpp:1783]: HOI4_FACTORY_TRACKER| 1:00, 1 April, 1936|YUG|16|3|1
[15:07:42][1936.04.01.01][effectbase.cpp:1799]: [15:07:42][1936.04.01.01][effectbase.cpp:1783]: HOI4_FACTORY_TRACKER| 1:00, 1 April, 1936|SWI|9|4|0
[15:07:42][1936.04.01.01][effectbase.cpp:1799]: [15:07:42][1936.04.01.01][effectbase.cpp:1783]: HOI4_FACTORY_TRACKER| 1:00, 1 April, 1936|GRE|9|2|2
[15:07:42][1936.04.01.01][effectbase.cpp:1799]: [15:07:42][1936.04.01.01][effectbase.cpp:1783]: HOI4_FACTORY_TRACKER| 1:00, 1 April, 1936|ALB|2|1|0
[15:07:42][1936.04.01.01][effectbase.cpp:1799]: [15:07:42][1936.04.01.01][effectbase.cpp:1783]: HOI4_FACTORY_TRACKER| 1:00, 1 April, 1936|NOR|7|2|2
[15:07:42][1936.04.01.01][effectbase.cpp:1799]: [15:07:42][1936.04.01.01][effectbase.cpp:1783]: HOI4_FACTORY_TRACKER| 1:00, 1 April, 1936|DEN|8|2|2
[15:07:42][1936.04.01.01][effectbase.cpp:1799]: [15:07:42][1936.04.01.01][effectbase.cpp:1783]: HOI4_FACTORY_TRACKER| 1:00, 1 April, 1936|BUL|10|3|0
[15:07:42][1936.04.01.01][effectbase.cpp:1799]: [15:07:42][1936.04.01.01][effectbase.cpp:1783]: HOI4_FACTORY_TRACKER| 1:00, 1 April, 1936|POR|9|2|3
[15:07:42][1936.04.01.01][effectbase.cpp:1799]: [15:07:42][1936.04.01.01][effectbase.cpp:1783]: HOI4_FACTORY_TRACKER| 1:00, 1 April, 1936|IRE|8|1|0
[15:07:42][1936.04.01.01][effectbase.cpp:1799]: [15:07:42][1936.04.01.01][effectbase.cpp:1783]: HOI4_FACTORY_TRACKER| 1:00, 1 April, 1936|HUN|9|7|0
[15:07:42][1936.04.01.01][effectbase.cpp:1799]: [15:07:42][1936.04.01.01][effectbase.cpp:1783]: HOI4_FACTORY_TRACKER| 1:00, 1 April, 1936|ETH|2|2|0
[15:07:42][1936.04.01.01][effectbase.cpp:1799]: [15:07:42][1936.04.01.01][effectbase.cpp:1783]: HOI4_FACTORY_TRACKER| 1:00, 1 April, 1936|PER|11|3|0
[15:07:42][1936.04.01.01][effectbase.cpp:1799]: [15:07:42][1936.04.01.01][effectbase.cpp:1783]: HOI4_FACTORY_TRACKER| 1:00, 1 April, 1936|MAL|1|0|1
[15:07:42][1936.04.01.01][effectbase.cpp:1799]: [15:07:42][1936.04.01.01][effectbase.cpp:1783]: HOI4_FACTORY_TRACKER| 1:00, 1 April, 1936|INS|7|1|1
[15:07:42][1936.04.01.01][effectbase.cpp:1799]: [15:07:42][1936.04.01.01][effectbase.cpp:1783]: HOI4_FACTORY_TRACKER| 1:00, 1 April, 1936|AFA|0|0|0
[15:07:42][1936.04.01.01][effectbase.cpp:1799]: [15:07:59][1936.05.01.01][effectbase.cpp:1783]: HOI4_FACTORY_TRACKER| 1:00, 1 May, 1936|ADT|150|59|33
[15:07:59][1936.05.01.01][effectbase.cpp:1799]: [15:07:59][1936.05.01.01][effectbase.cpp:1783]: HOI4_FACTORY_TRACKER| 1:00, 1 May, 1936|SWE|16|3|3
[15:07:59][1936.05.01.01][effectbase.cpp:1799]: [15:07:59][1936.05.01.01][effectbase.cpp:1783]: HOI4_FACTORY_TRACKER| 1:00, 1 May, 1936|LUX|3|1|0
[15:07:59][1936.05.01.01][effectbase.cpp:1799]: [15:07:59][1936.05.01.01][effectbase.cpp:1783]: HOI4_FACTORY_TRACKER| 1:00, 1 May, 1936|BEL|11|6|0
[15:07:59][1936.05.01.01][effectbase.cpp:1799]: [15:07:59][1936.05.01.01][effectbase.cpp:1783]: HOI4_FACTORY_TRACKER| 1:00, 1 May, 1936|HOL|15|6|1
[15:07:59][1936.05.01.01][effectbase.cpp:1799]: [15:07:59][1936.05.01.01][effectbase.cpp:1783]: HOI4_FACTORY_TRACKER| 1:00, 1 May, 1936|CZE|17|9|0
[15:07:59][1936.05.01.01][effectbase.cpp:1799]: [15:07:59][1936.05.01.01][effectbase.cpp:1783]: HOI4_FACTORY_TRACKER| 1:00, 1 May, 1936|POL|18|9|0
[15:07:59][1936.05.01.01][effectbase.cpp:1799]: [15:07:59][1936.05.01.01][effectbase.cpp:1783]: HOI4_FACTORY_TRACKER| 1:00, 1 May, 1936|AUS|12|3|0
[15:07:59][1936.05.01.01][effectbase.cpp:1799]: [15:07:59][1936.05.01.01][effectbase.cpp:1783]: HOI4_FACTORY_TRACKER| 1:00, 1 May, 1936|LIT|5|2|0
[15:07:59][1936.05.01.01][effectbase.cpp:1799]: [15:07:59][1936.05.01.01][effectbase.cpp:1783]: HOI4_FACTORY_TRACKER| 1:00, 1 May, 1936|EST|4|2|0
[15:07:59][1936.05.01.01][effectbase.cpp:1799]: [15:07:59][1936.05.01.01][effectbase.cpp:1783]: HOI4_FACTORY_TRACKER| 1:00, 1 May, 1936|LAT|7|3|1
[15:07:59][1936.05.01.01][effectbase.cpp:1799]: [15:07:59][1936.05.01.01][effectbase.cpp:1783]: HOI4_FACTORY_TRACKER| 1:00, 1 May, 1936|ROM|14|7|4
[15:07:59][1936.05.01.01][effectbase.cpp:1799]: [15:07:59][1936.05.01.01][effectbase.cpp:1783]: HOI4_FACTORY_TRACKER| 1:00, 1 May, 1936|YUG|16|3|1
[15:07:59][1936.05.01.01][effectbase.cpp:1799]: [15:07:59][1936.05.01.01][effectbase.cpp:1783]: HOI4_FACTORY_TRACKER| 1:00, 1 May, 1936|SWI|12|4|0
[15:07:59][1936.05.01.01][effectbase.cpp:1799]: [15:07:59][1936.05.01.01][effectbase.cpp:1783]: HOI4_FACTORY_TRACKER| 1:00, 1 May, 1936|GRE|9|2|2
[15:07:59][1936.05.01.01][effectbase.cpp:1799]: [15:07:59][1936.05.01.01][effectbase.cpp:1783]: HOI4_FACTORY_TRACKER| 1:00, 1 May, 1936|ALB|2|1|0
[15:07:59][1936.05.01.01][effectbase.cpp:1799]: [15:07:59][1936.05.01.01][effectbase.cpp:1783]: HOI4_FACTORY_TRACKER| 1:00, 1 May, 1936|NOR|7|2|2
[15:07:59][1936.05.01.01][effectbase.cpp:1799]: [15:07:59][1936.05.01.01][effectbase.cpp:1783]: HOI4_FACTORY_TRACKER| 1:00, 1 May, 1936|DEN|9|2|2
[15:07:59][1936.05.01.01][effectbase.cpp:1799]: [15:07:59][1936.05.01.01][effectbase.cpp:1783]: HOI4_FACTORY_TRACKER| 1:00, 1 May, 1936|BUL|10|3|0
[15:07:59][1936.05.01.01][effectbase.cpp:1799]: [15:07:59][1936.05.01.01][effectbase.cpp:1783]: HOI4_FACTORY_TRACKER| 1:00, 1 May, 1936|POR|9|2|3
[15:07:59][1936.05.01.01][effectbase.cpp:1799]: [15:07:59][1936.05.01.01][effectbase.cpp:1783]: HOI4_FACTORY_TRACKER| 1:00, 1 May, 1936|IRE|8|1|0
[15:07:59][1936.05.01.01][effectbase.cpp:1799]: [15:07:59][1936.05.01.01][effectbase.cpp:1783]: HOI4_FACTORY_TRACKER| 1:00, 1 May, 1936|HUN|9|7|0
[15:07:59][1936.05.01.01][effectbase.cpp:1799]: [15:07:59][1936.05.01.01][effectbase.cpp:1783]: HOI4_FACTORY_TRACKER| 1:00, 1 May, 1936|ETH|2|2|0
[15:07:59][1936.05.01.01][effectbase.cpp:1799]: [15:07:59][1936.05.01.01][effectbase.cpp:1783]: HOI4_FACTORY_TRACKER| 1:00, 1 May, 1936|PER|9|3|0
[15:07:59][1936.05.01.01][effectbase.cpp:1799]: [15:07:59][1936.05.01.01][effectbase.cpp:1783]: HOI4_FACTORY_TRACKER| 1:00, 1 May, 1936|MAL|1|0|1
[15:07:59][1936.05.01.01][effectbase.cpp:1799]: [15:07:59][1936.05.01.01][effectbase.cpp:1783]: HOI4_FACTORY_TRACKER| 1:00, 1 May, 1936|INS|6|1|1
[15:07:59][1936.05.01.01][effectbase.cpp:1799]: [15:07:59][1936.05.01.01][effectbase.cpp:1783]: HOI4_FACTORY_TRACKER| 1:00, 1 May, 1936|AFA|0|0|0
[15:07:59][1936.05.01.01][effectbase.cpp:1799]: [15:08:08][1936.05.16.01][effectbase.cpp:1783]: Very cantons activated
[15:08:08][1936.05.16.01][effectbase.cpp:1799]: [15:08:17][1936.06.01.01][effectbase.cpp:1783]: HOI4_FACTORY_TRACKER| 1:00, 1 June, 1936|ADT|153|60|34
[15:08:17][1936.06.01.01][effectbase.cpp:1799]: [15:08:17][1936.06.01.01][effectbase.cpp:1783]: HOI4_FACTORY_TRACKER| 1:00, 1 June, 1936|SWE|19|3|4
[15:08:17][1936.06.01.01][effectbase.cpp:1799]: [15:08:17][1936.06.01.01][effectbase.cpp:1783]: HOI4_FACTORY_TRACKER| 1:00, 1 June, 1936|LUX|3|1|0
[15:08:17][1936.06.01.01][effectbase.cpp:1799]: [15:08:17][1936.06.01.01][effectbase.cpp:1783]: HOI4_FACTORY_TRACKER| 1:00, 1 June, 1936|BEL|13|6|0
[15:08:17][1936.06.01.01][effectbase.cpp:1799]: [15:08:17][1936.06.01.01][effectbase.cpp:1783]: HOI4_FACTORY_TRACKER| 1:00, 1 June, 1936|HOL|15|6|1
[15:08:17][1936.06.01.01][effectbase.cpp:1799]: [15:08:17][1936.06.01.01][effectbase.cpp:1783]: HOI4_FACTORY_TRACKER| 1:00, 1 June, 1936|CZE|17|9|0
[15:08:17][1936.06.01.01][effectbase.cpp:1799]: [15:08:17][1936.06.01.01][effectbase.cpp:1783]: HOI4_FACTORY_TRACKER| 1:00, 1 June, 1936|POL|20|9|0
[15:08:17][1936.06.01.01][effectbase.cpp:1799]: [15:08:17][1936.06.01.01][effectbase.cpp:1783]: HOI4_FACTORY_TRACKER| 1:00, 1 June, 1936|AUS|12|3|0
[15:08:17][1936.06.01.01][effectbase.cpp:1799]: [15:08:17][1936.06.01.01][effectbase.cpp:1783]: HOI4_FACTORY_TRACKER| 1:00, 1 June, 1936|LIT|5|2|0
[15:08:17][1936.06.01.01][effectbase.cpp:1799]: [15:08:17][1936.06.01.01][effectbase.cpp:1783]: HOI4_FACTORY_TRACKER| 1:00, 1 June, 1936|EST|4|2|0
[15:08:17][1936.06.01.01][effectbase.cpp:1799]: [15:08:17][1936.06.01.01][effectbase.cpp:1783]: HOI4_FACTORY_TRACKER| 1:00, 1 June, 1936|LAT|7|3|1
[15:08:17][1936.06.01.01][effectbase.cpp:1799]: [15:08:17][1936.06.01.01][effectbase.cpp:1783]: HOI4_FACTORY_TRACKER| 1:00, 1 June, 1936|ROM|12|7|4
[15:08:17][1936.06.01.01][effectbase.cpp:1799]: [15:08:17][1936.06.01.01][effectbase.cpp:1783]: HOI4_FACTORY_TRACKER| 1:00, 1 June, 1936|YUG|17|3|1
[15:08:17][1936.06.01.01][effectbase.cpp:1799]: [15:08:17][1936.06.01.01][effectbase.cpp:1783]: HOI4_FACTORY_TRACKER| 1:00, 1 June, 1936|SWI|12|4|0
[15:08:17][1936.06.01.01][effectbase.cpp:1799]: [15:08:17][1936.06.01.01][effectbase.cpp:1783]: HOI4_FACTORY_TRACKER| 1:00, 1 June, 1936|GRE|9|2|2
[15:08:17][1936.06.01.01][effectbase.cpp:1799]: [15:08:17][1936.06.01.01][effectbase.cpp:1783]: HOI4_FACTORY_TRACKER| 1:00, 1 June, 1936|ALB|3|1|0
[15:08:17][1936.06.01.01][effectbase.cpp:1799]: [15:08:17][1936.06.01.01][effectbase.cpp:1783]: HOI4_FACTORY_TRACKER| 1:00, 1 June, 1936|NOR|7|2|2
[15:08:17][1936.06.01.01][effectbase.cpp:1799]: [15:08:17][1936.06.01.01][effectbase.cpp:1783]: HOI4_FACTORY_TRACKER| 1:00, 1 June, 1936|DEN|9|2|2
[15:08:17][1936.06.01.01][effectbase.cpp:1799]: [15:08:17][1936.06.01.01][effectbase.cpp:1783]: HOI4_FACTORY_TRACKER| 1:00, 1 June, 1936|BUL|10|3|0
[15:08:17][1936.06.01.01][effectbase.cpp:1799]: [15:08:17][1936.06.01.01][effectbase.cpp:1783]: HOI4_FACTORY_TRACKER| 1:00, 1 June, 1936|POR|10|2|3
[15:08:17][1936.06.01.01][effectbase.cpp:1799]: [15:08:17][1936.06.01.01][effectbase.cpp:1783]: HOI4_FACTORY_TRACKER| 1:00, 1 June, 1936|IRE|9|1|0
[15:08:17][1936.06.01.01][effectbase.cpp:1799]: [15:08:17][1936.06.01.01][effectbase.cpp:1783]: HOI4_FACTORY_TRACKER| 1:00, 1 June, 1936|HUN|9|7|0
[15:08:17][1936.06.01.01][effectbase.cpp:1799]: [15:08:17][1936.06.01.01][effectbase.cpp:1783]: HOI4_FACTORY_TRACKER| 1:00, 1 June, 1936|ETH|4|2|0
[15:08:17][1936.06.01.01][effectbase.cpp:1799]: [15:08:17][1936.06.01.01][effectbase.cpp:1783]: HOI4_FACTORY_TRACKER| 1:00, 1 June, 1936|PER|6|3|0
[15:08:17][1936.06.01.01][effectbase.cpp:1799]: [15:08:17][1936.06.01.01][effectbase.cpp:1783]: HOI4_FACTORY_TRACKER| 1:00, 1 June, 1936|MAL|3|1|1
[15:08:17][1936.06.01.01][effectbase.cpp:1799]: [15:08:17][1936.06.01.01][effectbase.cpp:1783]: HOI4_FACTORY_TRACKER| 1:00, 1 June, 1936|INS|6|1|1
[15:08:17][1936.06.01.01][effectbase.cpp:1799]: [15:08:17][1936.06.01.01][effectbase.cpp:1783]: HOI4_FACTORY_TRACKER| 1:00, 1 June, 1936|AFA|0|0|0
[15:08:17][1936.06.01.01][effectbase.cpp:1799]: [15:08:34][1936.07.01.01][effectbase.cpp:1783]: HOI4_FACTORY_TRACKER| 1:00, 1 July, 1936|ADT|156|62|35
[15:08:34][1936.07.01.01][effectbase.cpp:1799]: [15:08:34][1936.07.01.01][effectbase.cpp:1783]: HOI4_FACTORY_TRACKER| 1:00, 1 July, 1936|SWE|19|3|4
[15:08:34][1936.07.01.01][effectbase.cpp:1799]: [15:08:34][1936.07.01.01][effectbase.cpp:1783]: HOI4_FACTORY_TRACKER| 1:00, 1 July, 1936|LUX|3|1|0
[15:08:34][1936.07.01.01][effectbase.cpp:1799]: [15:08:34][1936.07.01.01][effectbase.cpp:1783]: HOI4_FACTORY_TRACKER| 1:00, 1 July, 1936|BEL|13|6|0
[15:08:34][1936.07.01.01][effectbase.cpp:1799]: [15:08:34][1936.07.01.01][effectbase.cpp:1783]: HOI4_FACTORY_TRACKER| 1:00, 1 July, 1936|HOL|14|6|1
[15:08:34][1936.07.01.01][effectbase.cpp:1799]: [15:08:34][1936.07.01.01][effectbase.cpp:1783]: HOI4_FACTORY_TRACKER| 1:00, 1 July, 1936|CZE|18|9|0
[15:08:34][1936.07.01.01][effectbase.cpp:1799]: [15:08:34][1936.07.01.01][effectbase.cpp:1783]: HOI4_FACTORY_TRACKER| 1:00, 1 July, 1936|POL|20|11|0
[15:08:34][1936.07.01.01][effectbase.cpp:1799]: [15:08:34][1936.07.01.01][effectbase.cpp:1783]: HOI4_FACTORY_TRACKER| 1:00, 1 July, 1936|AUS|12|3|0
[15:08:34][1936.07.01.01][effectbase.cpp:1799]: [15:08:34][1936.07.01.01][effectbase.cpp:1783]: HOI4_FACTORY_TRACKER| 1:00, 1 July, 1936|LIT|5|2|0
[15:08:34][1936.07.01.01][effectbase.cpp:1799]: [15:08:34][1936.07.01.01][effectbase.cpp:1783]: HOI4_FACTORY_TRACKER| 1:00, 1 July, 1936|EST|4|2|0
[15:08:34][1936.07.01.01][effectbase.cpp:1799]: [15:08:34][1936.07.01.01][effectbase.cpp:1783]: HOI4_FACTORY_TRACKER| 1:00, 1 July, 1936|LAT|7|3|1
[15:08:34][1936.07.01.01][effectbase.cpp:1799]: [15:08:34][1936.07.01.01][effectbase.cpp:1783]: HOI4_FACTORY_TRACKER| 1:00, 1 July, 1936|ROM|12|7|4
[15:08:34][1936.07.01.01][effectbase.cpp:1799]: [15:08:34][1936.07.01.01][effectbase.cpp:1783]: HOI4_FACTORY_TRACKER| 1:00, 1 July, 1936|YUG|17|3|1
[15:08:34][1936.07.01.01][effectbase.cpp:1799]: [15:08:34][1936.07.01.01][effectbase.cpp:1783]: HOI4_FACTORY_TRACKER| 1:00, 1 July, 1936|SWI|12|6|0
[15:08:34][1936.07.01.01][effectbase.cpp:1799]: [15:08:34][1936.07.01.01][effectbase.cpp:1783]: HOI4_FACTORY_TRACKER| 1:00, 1 July, 1936|GRE|9|2|2
[15:08:34][1936.07.01.01][effectbase.cpp:1799]: [15:08:34][1936.07.01.01][effectbase.cpp:1783]: HOI4_FACTORY_TRACKER| 1:00, 1 July, 1936|ALB|3|1|0
[15:08:34][1936.07.01.01][effectbase.cpp:1799]: [15:08:34][1936.07.01.01][effectbase.cpp:1783]: HOI4_FACTORY_TRACKER| 1:00, 1 July, 1936|NOR|7|2|2
[15:08:34][1936.07.01.01][effectbase.cpp:1799]: [15:08:34][1936.07.01.01][effectbase.cpp:1783]: HOI4_FACTORY_TRACKER| 1:00, 1 July, 1936|DEN|10|2|2
[15:08:34][1936.07.01.01][effectbase.cpp:1799]: [15:08:34][1936.07.01.01][effectbase.cpp:1783]: HOI4_FACTORY_TRACKER| 1:00, 1 July, 1936|BUL|10|3|0
[15:08:34][1936.07.01.01][effectbase.cpp:1799]: [15:08:34][1936.07.01.01][effectbase.cpp:1783]: HOI4_FACTORY_TRACKER| 1:00, 1 July, 1936|POR|10|2|3
[15:08:34][1936.07.01.01][effectbase.cpp:1799]: [15:08:34][1936.07.01.01][effectbase.cpp:1783]: HOI4_FACTORY_TRACKER| 1:00, 1 July, 1936|IRE|9|1|0
[15:08:34][1936.07.01.01][effectbase.cpp:1799]: [15:08:34][1936.07.01.01][effectbase.cpp:1783]: HOI4_FACTORY_TRACKER| 1:00, 1 July, 1936|HUN|9|7|0
[15:08:34][1936.07.01.01][effectbase.cpp:1799]: [15:08:34][1936.07.01.01][effectbase.cpp:1783]: HOI4_FACTORY_TRACKER| 1:00, 1 July, 1936|ETH|4|2|0
[15:08:34][1936.07.01.01][effectbase.cpp:1799]: [15:08:34][1936.07.01.01][effectbase.cpp:1783]: HOI4_FACTORY_TRACKER| 1:00, 1 July, 1936|PER|6|3|0
[15:08:34][1936.07.01.01][effectbase.cpp:1799]: [15:08:34][1936.07.01.01][effectbase.cpp:1783]: HOI4_FACTORY_TRACKER| 1:00, 1 July, 1936|MAL|3|1|1
[15:08:34][1936.07.01.01][effectbase.cpp:1799]: [15:08:34][1936.07.01.01][effectbase.cpp:1783]: HOI4_FACTORY_TRACKER| 1:00, 1 July, 1936|INS|6|1|1
[15:08:34][1936.07.01.01][effectbase.cpp:1799]: [15:08:34][1936.07.01.01][effectbase.cpp:1783]: HOI4_FACTORY_TRACKER| 1:00, 1 July, 1936|AFA|0|0|0
[15:08:34][1936.07.01.01][effectbase.cpp:1799]: [15:08:51][1936.08.01.01][effectbase.cpp:1783]: HOI4_FACTORY_TRACKER| 1:00, 1 August, 1936|ADT|159|63|35
[15:08:51][1936.08.01.01][effectbase.cpp:1799]: [15:08:51][1936.08.01.01][effectbase.cpp:1783]: HOI4_FACTORY_TRACKER| 1:00, 1 August, 1936|SWE|19|3|4
[15:08:51][1936.08.01.01][effectbase.cpp:1799]: [15:08:51][1936.08.01.01][effectbase.cpp:1783]: HOI4_FACTORY_TRACKER| 1:00, 1 August, 1936|LUX|3|1|0
[15:08:51][1936.08.01.01][effectbase.cpp:1799]: [15:08:51][1936.08.01.01][effectbase.cpp:1783]: HOI4_FACTORY_TRACKER| 1:00, 1 August, 1936|BEL|15|6|0
[15:08:51][1936.08.01.01][effectbase.cpp:1799]: [15:08:51][1936.08.01.01][effectbase.cpp:1783]: HOI4_FACTORY_TRACKER| 1:00, 1 August, 1936|HOL|14|6|1
[15:08:51][1936.08.01.01][effectbase.cpp:1799]: [15:08:51][1936.08.01.01][effectbase.cpp:1783]: HOI4_FACTORY_TRACKER| 1:00, 1 August, 1936|CZE|18|9|0
[15:08:51][1936.08.01.01][effectbase.cpp:1799]: [15:08:51][1936.08.01.01][effectbase.cpp:1783]: HOI4_FACTORY_TRACKER| 1:00, 1 August, 1936|POL|20|11|0
[15:08:51][1936.08.01.01][effectbase.cpp:1799]: [15:08:51][1936.08.01.01][effectbase.cpp:1783]: HOI4_FACTORY_TRACKER| 1:00, 1 August, 1936|AUS|12|3|0
[15:08:51][1936.08.01.01][effectbase.cpp:1799]: [15:08:51][1936.08.01.01][effectbase.cpp:1783]: HOI4_FACTORY_TRACKER| 1:00, 1 August, 1936|LIT|5|2|0
[15:08:51][1936.08.01.01][effectbase.cpp:1799]: [15:08:51][1936.08.01.01][effectbase.cpp:1783]: HOI4_FACTORY_TRACKER| 1:00, 1 August, 1936|EST|4|2|0
[15:08:51][1936.08.01.01][effectbase.cpp:1799]: [15:08:51][1936.08.01.01][effectbase.cpp:1783]: HOI4_FACTORY_TRACKER| 1:00, 1 August, 1936|LAT|7|3|1
[15:08:51][1936.08.01.01][effectbase.cpp:1799]: [15:08:51][1936.08.01.01][effectbase.cpp:1783]: HOI4_FACTORY_TRACKER| 1:00, 1 August, 1936|ROM|12|7|4
[15:08:51][1936.08.01.01][effectbase.cpp:1799]: [15:08:51][1936.08.01.01][effectbase.cpp:1783]: HOI4_FACTORY_TRACKER| 1:00, 1 August, 1936|YUG|18|3|1
[15:08:51][1936.08.01.01][effectbase.cpp:1799]: [15:08:51][1936.08.01.01][effectbase.cpp:1783]: HOI4_FACTORY_TRACKER| 1:00, 1 August, 1936|SWI|12|6|0
[15:08:51][1936.08.01.01][effectbase.cpp:1799]: [15:08:51][1936.08.01.01][effectbase.cpp:1783]: HOI4_FACTORY_TRACKER| 1:00, 1 August, 1936|GRE|9|2|2
[15:08:51][1936.08.01.01][effectbase.cpp:1799]: [15:08:51][1936.08.01.01][effectbase.cpp:1783]: HOI4_FACTORY_TRACKER| 1:00, 1 August, 1936|ALB|4|1|0
[15:08:51][1936.08.01.01][effectbase.cpp:1799]: [15:08:51][1936.08.01.01][effectbase.cpp:1783]: HOI4_FACTORY_TRACKER| 1:00, 1 August, 1936|NOR|7|2|2
[15:08:51][1936.08.01.01][effectbase.cpp:1799]: [15:08:51][1936.08.01.01][effectbase.cpp:1783]: HOI4_FACTORY_TRACKER| 1:00, 1 August, 1936|DEN|10|2|2
[15:08:51][1936.08.01.01][effectbase.cpp:1799]: [15:08:51][1936.08.01.01][effectbase.cpp:1783]: HOI4_FACTORY_TRACKER| 1:00, 1 August, 1936|BUL|12|3|0
[15:08:51][1936.08.01.01][effectbase.cpp:1799]: [15:08:51][1936.08.01.01][effectbase.cpp:1783]: HOI4_FACTORY_TRACKER| 1:00, 1 August, 1936|POR|10|2|3
[15:08:51][1936.08.01.01][effectbase.cpp:1799]: [15:08:51][1936.08.01.01][effectbase.cpp:1783]: HOI4_FACTORY_TRACKER| 1:00, 1 August, 1936|IRE|9|1|0
[15:08:51][1936.08.01.01][effectbase.cpp:1799]: [15:08:51][1936.08.01.01][effectbase.cpp:1783]: HOI4_FACTORY_TRACKER| 1:00, 1 August, 1936|HUN|10|7|0
[15:08:51][1936.08.01.01][effectbase.cpp:1799]: [15:08:51][1936.08.01.01][effectbase.cpp:1783]: HOI4_FACTORY_TRACKER| 1:00, 1 August, 1936|ETH|4|2|0
[15:08:51][1936.08.01.01][effectbase.cpp:1799]: [15:08:51][1936.08.01.01][effectbase.cpp:1783]: HOI4_FACTORY_TRACKER| 1:00, 1 August, 1936|PER|5|4|0
[15:08:51][1936.08.01.01][effectbase.cpp:1799]: [15:08:51][1936.08.01.01][effectbase.cpp:1783]: HOI4_FACTORY_TRACKER| 1:00, 1 August, 1936|MAL|3|1|1
[15:08:51][1936.08.01.01][effectbase.cpp:1799]: [15:08:51][1936.08.01.01][effectbase.cpp:1783]: HOI4_FACTORY_TRACKER| 1:00, 1 August, 1936|INS|6|1|2
[15:08:51][1936.08.01.01][effectbase.cpp:1799]: [15:08:51][1936.08.01.01][effectbase.cpp:1783]: HOI4_FACTORY_TRACKER| 1:00, 1 August, 1936|AFA|0|0|0
[15:08:51][1936.08.01.01][effectbase.cpp:1799]: [15:09:08][1936.09.01.01][effectbase.cpp:1783]: HOI4_FACTORY_TRACKER| 1:00, 1 September, 1936|ADT|162|64|36
[15:09:08][1936.09.01.01][effectbase.cpp:1799]: [15:09:08][1936.09.01.01][effectbase.cpp:1783]: HOI4_FACTORY_TRACKER| 1:00, 1 September, 1936|SWE|19|3|4
[15:09:08][1936.09.01.01][effectbase.cpp:1799]: [15:09:08][1936.09.01.01][effectbase.cpp:1783]: HOI4_FACTORY_TRACKER| 1:00, 1 September, 1936|LUX|3|1|0
[15:09:08][1936.09.01.01][effectbase.cpp:1799]: [15:09:08][1936.09.01.01][effectbase.cpp:1783]: HOI4_FACTORY_TRACKER| 1:00, 1 September, 1936|BEL|15|6|0
[15:09:08][1936.09.01.01][effectbase.cpp:1799]: [15:09:08][1936.09.01.01][effectbase.cpp:1783]: HOI4_FACTORY_TRACKER| 1:00, 1 September, 1936|HOL|14|6|1
[15:09:08][1936.09.01.01][effectbase.cpp:1799]: [15:09:08][1936.09.01.01][effectbase.cpp:1783]: HOI4_FACTORY_TRACKER| 1:00, 1 September, 1936|CZE|19|9|0
[15:09:08][1936.09.01.01][effectbase.cpp:1799]: [15:09:08][1936.09.01.01][effectbase.cpp:1783]: HOI4_FACTORY_TRACKER| 1:00, 1 September, 1936|POL|20|11|0
[15:09:08][1936.09.01.01][effectbase.cpp:1799]: [15:09:08][1936.09.01.01][effectbase.cpp:1783]: HOI4_FACTORY_TRACKER| 1:00, 1 September, 1936|AUS|12|3|0
[15:09:08][1936.09.01.01][effectbase.cpp:1799]: [15:09:08][1936.09.01.01][effectbase.cpp:1783]: HOI4_FACTORY_TRACKER| 1:00, 1 September, 1936|LIT|5|2|0
[15:09:08][1936.09.01.01][effectbase.cpp:1799]: [15:09:08][1936.09.01.01][effectbase.cpp:1783]: HOI4_FACTORY_TRACKER| 1:00, 1 September, 1936|EST|4|2|0
[15:09:08][1936.09.01.01][effectbase.cpp:1799]: [15:09:08][1936.09.01.01][effectbase.cpp:1783]: HOI4_FACTORY_TRACKER| 1:00, 1 September, 1936|LAT|7|3|1
[15:09:08][1936.09.01.01][effectbase.cpp:1799]: [15:09:08][1936.09.01.01][effectbase.cpp:1783]: HOI4_FACTORY_TRACKER| 1:00, 1 September, 1936|ROM|12|7|4
[15:09:08][1936.09.01.01][effectbase.cpp:1799]: [15:09:08][1936.09.01.01][effectbase.cpp:1783]: HOI4_FACTORY_TRACKER| 1:00, 1 September, 1936|YUG|18|3|1
[15:09:08][1936.09.01.01][effectbase.cpp:1799]: [15:09:08][1936.09.01.01][effectbase.cpp:1783]: HOI4_FACTORY_TRACKER| 1:00, 1 September, 1936|SWI|12|6|0
[15:09:08][1936.09.01.01][effectbase.cpp:1799]: [15:09:08][1936.09.01.01][effectbase.cpp:1783]: HOI4_FACTORY_TRACKER| 1:00, 1 September, 1936|GRE|9|2|2
[15:09:08][1936.09.01.01][effectbase.cpp:1799]: [15:09:08][1936.09.01.01][effectbase.cpp:1783]: HOI4_FACTORY_TRACKER| 1:00, 1 September, 1936|ALB|4|1|0
[15:09:08][1936.09.01.01][effectbase.cpp:1799]: [15:09:08][1936.09.01.01][effectbase.cpp:1783]: HOI4_FACTORY_TRACKER| 1:00, 1 September, 1936|NOR|7|2|2
[15:09:08][1936.09.01.01][effectbase.cpp:1799]: [15:09:08][1936.09.01.01][effectbase.cpp:1783]: HOI4_FACTORY_TRACKER| 1:00, 1 September, 1936|DEN|10|2|2
[15:09:08][1936.09.01.01][effectbase.cpp:1799]: [15:09:08][1936.09.01.01][effectbase.cpp:1783]: HOI4_FACTORY_TRACKER| 1:00, 1 September, 1936|BUL|14|3|0
[15:09:08][1936.09.01.01][effectbase.cpp:1799]: [15:09:08][1936.09.01.01][effectbase.cpp:1783]: HOI4_FACTORY_TRACKER| 1:00, 1 September, 1936|POR|10|2|3
[15:09:08][1936.09.01.01][effectbase.cpp:1799]: [15:09:08][1936.09.01.01][effectbase.cpp:1783]: HOI4_FACTORY_TRACKER| 1:00, 1 September, 1936|IRE|9|1|0
[15:09:08][1936.09.01.01][effectbase.cpp:1799]: [15:09:08][1936.09.01.01][effectbase.cpp:1783]: HOI4_FACTORY_TRACKER| 1:00, 1 September, 1936|HUN|10|7|0
[15:09:08][1936.09.01.01][effectbase.cpp:1799]: [15:09:08][1936.09.01.01][effectbase.cpp:1783]: HOI4_FACTORY_TRACKER| 1:00, 1 September, 1936|ETH|4|2|0
[15:09:08][1936.09.01.01][effectbase.cpp:1799]: [15:09:08][1936.09.01.01][effectbase.cpp:1783]: HOI4_FACTORY_TRACKER| 1:00, 1 September, 1936|PER|5|4|0
[15:09:08][1936.09.01.01][effectbase.cpp:1799]: [15:09:08][1936.09.01.01][effectbase.cpp:1783]: HOI4_FACTORY_TRACKER| 1:00, 1 September, 1936|MAL|3|1|1
[15:09:08][1936.09.01.01][effectbase.cpp:1799]: [15:09:08][1936.09.01.01][effectbase.cpp:1783]: HOI4_FACTORY_TRACKER| 1:00, 1 September, 1936|INS|6|1|2
[15:09:08][1936.09.01.01][effectbase.cpp:1799]: [15:09:08][1936.09.01.01][effectbase.cpp:1783]: HOI4_FACTORY_TRACKER| 1:00, 1 September, 1936|AFA|0|0|0
[15:09:08][1936.09.01.01][effectbase.cpp:1799]: [15:09:24][1936.10.01.01][effectbase.cpp:1783]: HOI4_FACTORY_TRACKER| 1:00, 1 October, 1936|ADT|165|65|37
[15:09:24][1936.10.01.01][effectbase.cpp:1799]: [15:09:24][1936.10.01.01][effectbase.cpp:1783]: HOI4_FACTORY_TRACKER| 1:00, 1 October, 1936|SWE|19|3|4
[15:09:24][1936.10.01.01][effectbase.cpp:1799]: [15:09:24][1936.10.01.01][effectbase.cpp:1783]: HOI4_FACTORY_TRACKER| 1:00, 1 October, 1936|LUX|3|1|0
[15:09:24][1936.10.01.01][effectbase.cpp:1799]: [15:09:24][1936.10.01.01][effectbase.cpp:1783]: HOI4_FACTORY_TRACKER| 1:00, 1 October, 1936|BEL|15|6|0
[15:09:24][1936.10.01.01][effectbase.cpp:1799]: [15:09:24][1936.10.01.01][effectbase.cpp:1783]: HOI4_FACTORY_TRACKER| 1:00, 1 October, 1936|HOL|12|6|1
[15:09:24][1936.10.01.01][effectbase.cpp:1799]: [15:09:24][1936.10.01.01][effectbase.cpp:1783]: HOI4_FACTORY_TRACKER| 1:00, 1 October, 1936|CZE|19|9|0
[15:09:24][1936.10.01.01][effectbase.cpp:1799]: [15:09:24][1936.10.01.01][effectbase.cpp:1783]: HOI4_FACTORY_TRACKER| 1:00, 1 October, 1936|POL|21|11|0
[15:09:24][1936.10.01.01][effectbase.cpp:1799]: [15:09:24][1936.10.01.01][effectbase.cpp:1783]: HOI4_FACTORY_TRACKER| 1:00, 1 October, 1936|AUS|12|3|0
[15:09:24][1936.10.01.01][effectbase.cpp:1799]: [15:09:24][1936.10.01.01][effectbase.cpp:1783]: HOI4_FACTORY_TRACKER| 1:00, 1 October, 1936|LIT|5|2|0
[15:09:24][1936.10.01.01][effectbase.cpp:1799]: [15:09:24][1936.10.01.01][effectbase.cpp:1783]: HOI4_FACTORY_TRACKER| 1:00, 1 October, 1936|EST|4|2|0
[15:09:24][1936.10.01.01][effectbase.cpp:1799]: [15:09:24][1936.10.01.01][effectbase.cpp:1783]: HOI4_FACTORY_TRACKER| 1:00, 1 October, 1936|LAT|7|3|1
[15:09:24][1936.10.01.01][effectbase.cpp:1799]: [15:09:24][1936.10.01.01][effectbase.cpp:1783]: HOI4_FACTORY_TRACKER| 1:00, 1 October, 1936|ROM|12|7|4
[15:09:24][1936.10.01.01][effectbase.cpp:1799]: [15:09:24][1936.10.01.01][effectbase.cpp:1783]: HOI4_FACTORY_TRACKER| 1:00, 1 October, 1936|YUG|18|3|1
[15:09:24][1936.10.01.01][effectbase.cpp:1799]: [15:09:24][1936.10.01.01][effectbase.cpp:1783]: HOI4_FACTORY_TRACKER| 1:00, 1 October, 1936|SWI|13|6|0
[15:09:24][1936.10.01.01][effectbase.cpp:1799]: [15:09:24][1936.10.01.01][effectbase.cpp:1783]: HOI4_FACTORY_TRACKER| 1:00, 1 October, 1936|GRE|9|2|2
[15:09:24][1936.10.01.01][effectbase.cpp:1799]: [15:09:24][1936.10.01.01][effectbase.cpp:1783]: HOI4_FACTORY_TRACKER| 1:00, 1 October, 1936|ALB|4|1|0
[15:09:24][1936.10.01.01][effectbase.cpp:1799]: [15:09:24][1936.10.01.01][effectbase.cpp:1783]: HOI4_FACTORY_TRACKER| 1:00, 1 October, 1936|NOR|7|2|2
[15:09:24][1936.10.01.01][effectbase.cpp:1799]: [15:09:24][1936.10.01.01][effectbase.cpp:1783]: HOI4_FACTORY_TRACKER| 1:00, 1 October, 1936|DEN|11|2|2
[15:09:24][1936.10.01.01][effectbase.cpp:1799]: [15:09:24][1936.10.01.01][effectbase.cpp:1783]: HOI4_FACTORY_TRACKER| 1:00, 1 October, 1936|BUL|14|3|0
[15:09:24][1936.10.01.01][effectbase.cpp:1799]: [15:09:24][1936.10.01.01][effectbase.cpp:1783]: HOI4_FACTORY_TRACKER| 1:00, 1 October, 1936|POR|10|2|3
[15:09:24][1936.10.01.01][effectbase.cpp:1799]: [15:09:24][1936.10.01.01][effectbase.cpp:1783]: HOI4_FACTORY_TRACKER| 1:00, 1 October, 1936|IRE|10|1|0
[15:09:24][1936.10.01.01][effectbase.cpp:1799]: [15:09:24][1936.10.01.01][effectbase.cpp:1783]: HOI4_FACTORY_TRACKER| 1:00, 1 October, 1936|HUN|11|7|0
[15:09:24][1936.10.01.01][effectbase.cpp:1799]: [15:09:24][1936.10.01.01][effectbase.cpp:1783]: HOI4_FACTORY_TRACKER| 1:00, 1 October, 1936|ETH|4|2|0
[15:09:24][1936.10.01.01][effectbase.cpp:1799]: [15:09:24][1936.10.01.01][effectbase.cpp:1783]: HOI4_FACTORY_TRACKER| 1:00, 1 October, 1936|PER|5|4|0
[15:09:24][1936.10.01.01][effectbase.cpp:1799]: [15:09:24][1936.10.01.01][effectbase.cpp:1783]: HOI4_FACTORY_TRACKER| 1:00, 1 October, 1936|MAL|3|1|1
[15:09:24][1936.10.01.01][effectbase.cpp:1799]: [15:09:24][1936.10.01.01][effectbase.cpp:1783]: HOI4_FACTORY_TRACKER| 1:00, 1 October, 1936|INS|8|1|2
[15:09:24][1936.10.01.01][effectbase.cpp:1799]: [15:09:24][1936.10.01.01][effectbase.cpp:1783]: HOI4_FACTORY_TRACKER| 1:00, 1 October, 1936|AFA|0|0|0
[15:09:24][1936.10.01.01][effectbase.cpp:1799]: [15:09:26][1936.10.02.16][effectbase.cpp:1783]: random event 1
[15:09:26][1936.10.02.16][effectbase.cpp:1799]: [15:09:42][1936.11.01.01][effectbase.cpp:1783]: HOI4_FACTORY_TRACKER| 1:00, 1 November, 1936|ADT|167|67|38
[15:09:42][1936.11.01.01][effectbase.cpp:1799]: [15:09:42][1936.11.01.01][effectbase.cpp:1783]: HOI4_FACTORY_TRACKER| 1:00, 1 November, 1936|SWE|19|3|4
[15:09:42][1936.11.01.01][effectbase.cpp:1799]: [15:09:42][1936.11.01.01][effectbase.cpp:1783]: HOI4_FACTORY_TRACKER| 1:00, 1 November, 1936|LUX|3|1|0
[15:09:42][1936.11.01.01][effectbase.cpp:1799]: [15:09:42][1936.11.01.01][effectbase.cpp:1783]: HOI4_FACTORY_TRACKER| 1:00, 1 November, 1936|BEL|16|6|0
[15:09:42][1936.11.01.01][effectbase.cpp:1799]: [15:09:42][1936.11.01.01][effectbase.cpp:1783]: HOI4_FACTORY_TRACKER| 1:00, 1 November, 1936|HOL|13|6|1
[15:09:42][1936.11.01.01][effectbase.cpp:1799]: [15:09:42][1936.11.01.01][effectbase.cpp:1783]: HOI4_FACTORY_TRACKER| 1:00, 1 November, 1936|CZE|19|9|0
[15:09:42][1936.11.01.01][effectbase.cpp:1799]: [15:09:42][1936.11.01.01][effectbase.cpp:1783]: HOI4_FACTORY_TRACKER| 1:00, 1 November, 1936|POL|21|11|0
[15:09:42][1936.11.01.01][effectbase.cpp:1799]: [15:09:42][1936.11.01.01][effectbase.cpp:1783]: HOI4_FACTORY_TRACKER| 1:00, 1 November, 1936|AUS|12|3|0
[15:09:42][1936.11.01.01][effectbase.cpp:1799]: [15:09:42][1936.11.01.01][effectbase.cpp:1783]: HOI4_FACTORY_TRACKER| 1:00, 1 November, 1936|LIT|5|2|0
[15:09:42][1936.11.01.01][effectbase.cpp:1799]: [15:09:42][1936.11.01.01][effectbase.cpp:1783]: HOI4_FACTORY_TRACKER| 1:00, 1 November, 1936|EST|4|2|0
[15:09:42][1936.11.01.01][effectbase.cpp:1799]: [15:09:42][1936.11.01.01][effectbase.cpp:1783]: HOI4_FACTORY_TRACKER| 1:00, 1 November, 1936|LAT|7|3|1
[15:09:42][1936.11.01.01][effectbase.cpp:1799]: [15:09:42][1936.11.01.01][effectbase.cpp:1783]: HOI4_FACTORY_TRACKER| 1:00, 1 November, 1936|ROM|12|7|4
[15:09:42][1936.11.01.01][effectbase.cpp:1799]: [15:09:42][1936.11.01.01][effectbase.cpp:1783]: HOI4_FACTORY_TRACKER| 1:00, 1 November, 1936|YUG|21|4|1
[15:09:42][1936.11.01.01][effectbase.cpp:1799]: [15:09:42][1936.11.01.01][effectbase.cpp:1783]: HOI4_FACTORY_TRACKER| 1:00, 1 November, 1936|SWI|13|6|0
[15:09:42][1936.11.01.01][effectbase.cpp:1799]: [15:09:42][1936.11.01.01][effectbase.cpp:1783]: HOI4_FACTORY_TRACKER| 1:00, 1 November, 1936|GRE|10|2|2
[15:09:42][1936.11.01.01][effectbase.cpp:1799]: [15:09:42][1936.11.01.01][effectbase.cpp:1783]: HOI4_FACTORY_TRACKER| 1:00, 1 November, 1936|ALB|4|2|0
[15:09:42][1936.11.01.01][effectbase.cpp:1799]: [15:09:42][1936.11.01.01][effectbase.cpp:1783]: HOI4_FACTORY_TRACKER| 1:00, 1 November, 1936|NOR|10|2|2
[15:09:42][1936.11.01.01][effectbase.cpp:1799]: [15:09:42][1936.11.01.01][effectbase.cpp:1783]: HOI4_FACTORY_TRACKER| 1:00, 1 November, 1936|DEN|11|2|2
[15:09:42][1936.11.01.01][effectbase.cpp:1799]: [15:09:42][1936.11.01.01][effectbase.cpp:1783]: HOI4_FACTORY_TRACKER| 1:00, 1 November, 1936|BUL|14|3|0
[15:09:42][1936.11.01.01][effectbase.cpp:1799]: [15:09:42][1936.11.01.01][effectbase.cpp:1783]: HOI4_FACTORY_TRACKER| 1:00, 1 November, 1936|POR|10|2|5
[15:09:42][1936.11.01.01][effectbase.cpp:1799]: [15:09:42][1936.11.01.01][effectbase.cpp:1783]: HOI4_FACTORY_TRACKER| 1:00, 1 November, 1936|IRE|10|2|0
[15:09:42][1936.11.01.01][effectbase.cpp:1799]: [15:09:42][1936.11.01.01][effectbase.cpp:1783]: HOI4_FACTORY_TRACKER| 1:00, 1 November, 1936|HUN|13|7|0
[15:09:42][1936.11.01.01][effectbase.cpp:1799]: [15:09:42][1936.11.01.01][effectbase.cpp:1783]: HOI4_FACTORY_TRACKER| 1:00, 1 November, 1936|ETH|4|2|0
[15:09:42][1936.11.01.01][effectbase.cpp:1799]: [15:09:42][1936.11.01.01][effectbase.cpp:1783]: HOI4_FACTORY_TRACKER| 1:00, 1 November, 1936|PER|5|4|0
[15:09:42][1936.11.01.01][effectbase.cpp:1799]: [15:09:42][1936.11.01.01][effectbase.cpp:1783]: HOI4_FACTORY_TRACKER| 1:00, 1 November, 1936|MAL|4|1|1
[15:09:42][1936.11.01.01][effectbase.cpp:1799]: [15:09:42][1936.11.01.01][effectbase.cpp:1783]: HOI4_FACTORY_TRACKER| 1:00, 1 November, 1936|INS|8|1|2
[15:09:42][1936.11.01.01][effectbase.cpp:1799]: [15:09:42][1936.11.01.01][effectbase.cpp:1783]: HOI4_FACTORY_TRACKER| 1:00, 1 November, 1936|AFA|0|0|0
[15:09:42][1936.11.01.01][effectbase.cpp:1799]: [15:09:58][1936.12.01.01][effectbase.cpp:1783]: HOI4_FACTORY_TRACKER| 1:00, 1 December, 1936|ADT|170|68|38
[15:09:58][1936.12.01.01][effectbase.cpp:1799]: [15:09:58][1936.12.01.01][effectbase.cpp:1783]: HOI4_FACTORY_TRACKER| 1:00, 1 December, 1936|SWE|19|3|4
[15:09:58][1936.12.01.01][effectbase.cpp:1799]: [15:09:58][1936.12.01.01][effectbase.cpp:1783]: HOI4_FACTORY_TRACKER| 1:00, 1 December, 1936|LUX|3|1|0
[15:09:58][1936.12.01.01][effectbase.cpp:1799]: [15:09:58][1936.12.01.01][effectbase.cpp:1783]: HOI4_FACTORY_TRACKER| 1:00, 1 December, 1936|BEL|16|6|0
[15:09:58][1936.12.01.01][effectbase.cpp:1799]: [15:09:58][1936.12.01.01][effectbase.cpp:1783]: HOI4_FACTORY_TRACKER| 1:00, 1 December, 1936|HOL|14|6|1
[15:09:58][1936.12.01.01][effectbase.cpp:1799]: [15:09:58][1936.12.01.01][effectbase.cpp:1783]: HOI4_FACTORY_TRACKER| 1:00, 1 December, 1936|CZE|19|9|0
[15:09:58][1936.12.01.01][effectbase.cpp:1799]: [15:09:58][1936.12.01.01][effectbase.cpp:1783]: HOI4_FACTORY_TRACKER| 1:00, 1 December, 1936|POL|21|11|0
[15:09:58][1936.12.01.01][effectbase.cpp:1799]: [15:09:58][1936.12.01.01][effectbase.cpp:1783]: HOI4_FACTORY_TRACKER| 1:00, 1 December, 1936|AUS|13|3|0
[15:09:58][1936.12.01.01][effectbase.cpp:1799]: [15:09:58][1936.12.01.01][effectbase.cpp:1783]: HOI4_FACTORY_TRACKER| 1:00, 1 December, 1936|LIT|5|2|0
[15:09:58][1936.12.01.01][effectbase.cpp:1799]: [15:09:58][1936.12.01.01][effectbase.cpp:1783]: HOI4_FACTORY_TRACKER| 1:00, 1 December, 1936|EST|4|2|0
[15:09:58][1936.12.01.01][effectbase.cpp:1799]: [15:09:58][1936.12.01.01][effectbase.cpp:1783]: HOI4_FACTORY_TRACKER| 1:00, 1 December, 1936|LAT|7|3|1
[15:09:58][1936.12.01.01][effectbase.cpp:1799]: [15:09:58][1936.12.01.01][effectbase.cpp:1783]: HOI4_FACTORY_TRACKER| 1:00, 1 December, 1936|ROM|12|7|4
[15:09:58][1936.12.01.01][effectbase.cpp:1799]: [15:09:58][1936.12.01.01][effectbase.cpp:1783]: HOI4_FACTORY_TRACKER| 1:00, 1 December, 1936|YUG|20|4|1
[15:09:58][1936.12.01.01][effectbase.cpp:1799]: [15:09:58][1936.12.01.01][effectbase.cpp:1783]: HOI4_FACTORY_TRACKER| 1:00, 1 December, 1936|SWI|13|6|0
[15:09:58][1936.12.01.01][effectbase.cpp:1799]: [15:09:58][1936.12.01.01][effectbase.cpp:1783]: HOI4_FACTORY_TRACKER| 1:00, 1 December, 1936|GRE|10|2|2
[15:09:58][1936.12.01.01][effectbase.cpp:1799]: [15:09:58][1936.12.01.01][effectbase.cpp:1783]: HOI4_FACTORY_TRACKER| 1:00, 1 December, 1936|ALB|4|2|0
[15:09:58][1936.12.01.01][effectbase.cpp:1799]: [15:09:58][1936.12.01.01][effectbase.cpp:1783]: HOI4_FACTORY_TRACKER| 1:00, 1 December, 1936|NOR|10|2|2
[15:09:58][1936.12.01.01][effectbase.cpp:1799]: [15:09:58][1936.12.01.01][effectbase.cpp:1783]: HOI4_FACTORY_TRACKER| 1:00, 1 December, 1936|DEN|11|2|2
[15:09:58][1936.12.01.01][effectbase.cpp:1799]: [15:09:58][1936.12.01.01][effectbase.cpp:1783]: HOI4_FACTORY_TRACKER| 1:00, 1 December, 1936|BUL|14|3|0
[15:09:58][1936.12.01.01][effectbase.cpp:1799]: [15:09:58][1936.12.01.01][effectbase.cpp:1783]: HOI4_FACTORY_TRACKER| 1:00, 1 December, 1936|POR|10|2|5
[15:09:58][1936.12.01.01][effectbase.cpp:1799]: [15:09:58][1936.12.01.01][effectbase.cpp:1783]: HOI4_FACTORY_TRACKER| 1:00, 1 December, 1936|IRE|10|2|0
[15:09:58][1936.12.01.01][effectbase.cpp:1799]: [15:09:58][1936.12.01.01][effectbase.cpp:1783]: HOI4_FACTORY_TRACKER| 1:00, 1 December, 1936|HUN|13|7|0
[15:09:58][1936.12.01.01][effectbase.cpp:1799]: [15:09:58][1936.12.01.01][effectbase.cpp:1783]: HOI4_FACTORY_TRACKER| 1:00, 1 December, 1936|ETH|4|2|0
[15:09:58][1936.12.01.01][effectbase.cpp:1799]: [15:09:58][1936.12.01.01][effectbase.cpp:1783]: HOI4_FACTORY_TRACKER| 1:00, 1 December, 1936|PER|5|4|0
[15:09:58][1936.12.01.01][effectbase.cpp:1799]: [15:09:58][1936.12.01.01][effectbase.cpp:1783]: HOI4_FACTORY_TRACKER| 1:00, 1 December, 1936|MAL|4|1|1
[15:09:58][1936.12.01.01][effectbase.cpp:1799]: [15:09:58][1936.12.01.01][effectbase.cpp:1783]: HOI4_FACTORY_TRACKER| 1:00, 1 December, 1936|INS|8|1|2
[15:09:58][1936.12.01.01][effectbase.cpp:1799]: [15:09:58][1936.12.01.01][effectbase.cpp:1783]: HOI4_FACTORY_TRACKER| 1:00, 1 December, 1936|AFA|0|0|0
[15:09:58][1936.12.01.01][effectbase.cpp:1799]: [15:10:00][1936.12.02.04][effectbase.cpp:1783]: Very cantons activated
[15:10:00][1936.12.02.04][effectbase.cpp:1799]: [15:10:16][1937.01.01.01][effectbase.cpp:1783]: HOI4_FACTORY_TRACKER| 1:00, 1 January, 1937|ADT|172|69|39
[15:10:16][1937.01.01.01][effectbase.cpp:1799]: [15:10:16][1937.01.01.01][effectbase.cpp:1783]: HOI4_FACTORY_TRACKER| 1:00, 1 January, 1937|SWE|24|3|4
[15:10:16][1937.01.01.01][effectbase.cpp:1799]: [15:10:16][1937.01.01.01][effectbase.cpp:1783]: HOI4_FACTORY_TRACKER| 1:00, 1 January, 1937|LUX|3|1|0
[15:10:16][1937.01.01.01][effectbase.cpp:1799]: [15:10:16][1937.01.01.01][effectbase.cpp:1783]: HOI4_FACTORY_TRACKER| 1:00, 1 January, 1937|BEL|16|6|0
[15:10:16][1937.01.01.01][effectbase.cpp:1799]: [15:10:16][1937.01.01.01][effectbase.cpp:1783]: HOI4_FACTORY_TRACKER| 1:00, 1 January, 1937|HOL|13|8|1
[15:10:16][1937.01.01.01][effectbase.cpp:1799]: [15:10:16][1937.01.01.01][effectbase.cpp:1783]: HOI4_FACTORY_TRACKER| 1:00, 1 January, 1937|CZE|19|9|0
[15:10:16][1937.01.01.01][effectbase.cpp:1799]: [15:10:16][1937.01.01.01][effectbase.cpp:1783]: HOI4_FACTORY_TRACKER| 1:00, 1 January, 1937|POL|20|11|0
[15:10:16][1937.01.01.01][effectbase.cpp:1799]: [15:10:16][1937.01.01.01][effectbase.cpp:1783]: HOI4_FACTORY_TRACKER| 1:00, 1 January, 1937|AUS|13|3|0
[15:10:16][1937.01.01.01][effectbase.cpp:1799]: [15:10:16][1937.01.01.01][effectbase.cpp:1783]: HOI4_FACTORY_TRACKER| 1:00, 1 January, 1937|LIT|5|2|0
[15:10:16][1937.01.01.01][effectbase.cpp:1799]: [15:10:16][1937.01.01.01][effectbase.cpp:1783]: HOI4_FACTORY_TRACKER| 1:00, 1 January, 1937|EST|4|2|0
[15:10:16][1937.01.01.01][effectbase.cpp:1799]: [15:10:16][1937.01.01.01][effectbase.cpp:1783]: HOI4_FACTORY_TRACKER| 1:00, 1 January, 1937|LAT|7|3|1
[15:10:16][1937.01.01.01][effectbase.cpp:1799]: [15:10:16][1937.01.01.01][effectbase.cpp:1783]: HOI4_FACTORY_TRACKER| 1:00, 1 January, 1937|ROM|12|7|4
[15:10:16][1937.01.01.01][effectbase.cpp:1799]: [15:10:16][1937.01.01.01][effectbase.cpp:1783]: HOI4_FACTORY_TRACKER| 1:00, 1 January, 1937|YUG|19|4|1
[15:10:16][1937.01.01.01][effectbase.cpp:1799]: [15:10:16][1937.01.01.01][effectbase.cpp:1783]: HOI4_FACTORY_TRACKER| 1:00, 1 January, 1937|SWI|13|6|0
[15:10:16][1937.01.01.01][effectbase.cpp:1799]: [15:10:16][1937.01.01.01][effectbase.cpp:1783]: HOI4_FACTORY_TRACKER| 1:00, 1 January, 1937|GRE|10|2|2
[15:10:16][1937.01.01.01][effectbase.cpp:1799]: [15:10:16][1937.01.01.01][effectbase.cpp:1783]: HOI4_FACTORY_TRACKER| 1:00, 1 January, 1937|ALB|4|2|0
[15:10:16][1937.01.01.01][effectbase.cpp:1799]: [15:10:16][1937.01.01.01][effectbase.cpp:1783]: HOI4_FACTORY_TRACKER| 1:00, 1 January, 1937|NOR|10|2|2
[15:10:16][1937.01.01.01][effectbase.cpp:1799]: [15:10:16][1937.01.01.01][effectbase.cpp:1783]: HOI4_FACTORY_TRACKER| 1:00, 1 January, 1937|DEN|11|2|2
[15:10:16][1937.01.01.01][effectbase.cpp:1799]: [15:10:16][1937.01.01.01][effectbase.cpp:1783]: HOI4_FACTORY_TRACKER| 1:00, 1 January, 1937|BUL|15|3|0
[15:10:16][1937.01.01.01][effectbase.cpp:1799]: [15:10:16][1937.01.01.01][effectbase.cpp:1783]: HOI4_FACTORY_TRACKER| 1:00, 1 January, 1937|POR|12|2|5
[15:10:16][1937.01.01.01][effectbase.cpp:1799]: [15:10:16][1937.01.01.01][effectbase.cpp:1783]: HOI4_FACTORY_TRACKER| 1:00, 1 January, 1937|IRE|11|2|0
[15:10:16][1937.01.01.01][effectbase.cpp:1799]: [15:10:16][1937.01.01.01][effectbase.cpp:1783]: HOI4_FACTORY_TRACKER| 1:00, 1 January, 1937|HUN|13|7|0
[15:10:16][1937.01.01.01][effectbase.cpp:1799]: [15:10:16][1937.01.01.01][effectbase.cpp:1783]: HOI4_FACTORY_TRACKER| 1:00, 1 January, 1937|ETH|4|2|0
[15:10:16][1937.01.01.01][effectbase.cpp:1799]: [15:10:16][1937.01.01.01][effectbase.cpp:1783]: HOI4_FACTORY_TRACKER| 1:00, 1 January, 1937|PER|5|6|0
[15:10:16][1937.01.01.01][effectbase.cpp:1799]: [15:10:16][1937.01.01.01][effectbase.cpp:1783]: HOI4_FACTORY_TRACKER| 1:00, 1 January, 1937|MAL|4|2|1
[15:10:16][1937.01.01.01][effectbase.cpp:1799]: [15:10:16][1937.01.01.01][effectbase.cpp:1783]: HOI4_FACTORY_TRACKER| 1:00, 1 January, 1937|INS|8|1|2
[15:10:16][1937.01.01.01][effectbase.cpp:1799]: [15:10:16][1937.01.01.01][effectbase.cpp:1783]: HOI4_FACTORY_TRACKER| 1:00, 1 January, 1937|AFA|0|0|0
[15:10:16][1937.01.01.01][effectbase.cpp:1799]: [15:10:39][1937.02.01.01][effectbase.cpp:1783]: HOI4_FACTORY_TRACKER| 1:00, 1 February, 1937|ADT|175|70|40
[15:10:39][1937.02.01.01][effectbase.cpp:1799]: [15:10:39][1937.02.01.01][effectbase.cpp:1783]: HOI4_FACTORY_TRACKER| 1:00, 1 February, 1937|SWE|22|3|4
[15:10:39][1937.02.01.01][effectbase.cpp:1799]: [15:10:39][1937.02.01.01][effectbase.cpp:1783]: HOI4_FACTORY_TRACKER| 1:00, 1 February, 1937|LUX|3|1|0
[15:10:39][1937.02.01.01][effectbase.cpp:1799]: [15:10:39][1937.02.01.01][effectbase.cpp:1783]: HOI4_FACTORY_TRACKER| 1:00, 1 February, 1937|BEL|16|6|0
[15:10:39][1937.02.01.01][effectbase.cpp:1799]: [15:10:39][1937.02.01.01][effectbase.cpp:1783]: HOI4_FACTORY_TRACKER| 1:00, 1 February, 1937|HOL|14|8|1
[15:10:39][1937.02.01.01][effectbase.cpp:1799]: [15:10:39][1937.02.01.01][effectbase.cpp:1783]: HOI4_FACTORY_TRACKER| 1:00, 1 February, 1937|CZE|20|9|0
[15:10:39][1937.02.01.01][effectbase.cpp:1799]: [15:10:39][1937.02.01.01][effectbase.cpp:1783]: HOI4_FACTORY_TRACKER| 1:00, 1 February, 1937|POL|20|11|0
[15:10:39][1937.02.01.01][effectbase.cpp:1799]: [15:10:39][1937.02.01.01][effectbase.cpp:1783]: HOI4_FACTORY_TRACKER| 1:00, 1 February, 1937|AUS|13|3|0
[15:10:39][1937.02.01.01][effectbase.cpp:1799]: [15:10:39][1937.02.01.01][effectbase.cpp:1783]: HOI4_FACTORY_TRACKER| 1:00, 1 February, 1937|LIT|5|2|0
[15:10:39][1937.02.01.01][effectbase.cpp:1799]: [15:10:39][1937.02.01.01][effectbase.cpp:1783]: HOI4_FACTORY_TRACKER| 1:00, 1 February, 1937|EST|4|2|0
[15:10:39][1937.02.01.01][effectbase.cpp:1799]: [15:10:39][1937.02.01.01][effectbase.cpp:1783]: HOI4_FACTORY_TRACKER| 1:00, 1 February, 1937|LAT|7|3|1
[15:10:39][1937.02.01.01][effectbase.cpp:1799]: [15:10:39][1937.02.01.01][effectbase.cpp:1783]: HOI4_FACTORY_TRACKER| 1:00, 1 February, 1937|ROM|12|7|4
[15:10:39][1937.02.01.01][effectbase.cpp:1799]: [15:10:39][1937.02.01.01][effectbase.cpp:1783]: HOI4_FACTORY_TRACKER| 1:00, 1 February, 1937|YUG|20|4|1
[15:10:39][1937.02.01.01][effectbase.cpp:1799]: [15:10:39][1937.02.01.01][effectbase.cpp:1783]: HOI4_FACTORY_TRACKER| 1:00, 1 February, 1937|SWI|13|6|0
[15:10:39][1937.02.01.01][effectbase.cpp:1799]: [15:10:39][1937.02.01.01][effectbase.cpp:1783]: HOI4_FACTORY_TRACKER| 1:00, 1 February, 1937|GRE|11|2|5
[15:10:39][1937.02.01.01][effectbase.cpp:1799]: [15:10:39][1937.02.01.01][effectbase.cpp:1783]: HOI4_FACTORY_TRACKER| 1:00, 1 February, 1937|ALB|4|2|0
[15:10:39][1937.02.01.01][effectbase.cpp:1799]: [15:10:39][1937.02.01.01][effectbase.cpp:1783]: HOI4_FACTORY_TRACKER| 1:00, 1 February, 1937|NOR|12|2|2
[15:10:39][1937.02.01.01][effectbase.cpp:1799]: [15:10:39][1937.02.01.01][effectbase.cpp:1783]: HOI4_FACTORY_TRACKER| 1:00, 1 February, 1937|DEN|12|2|2
[15:10:39][1937.02.01.01][effectbase.cpp:1799]: [15:10:39][1937.02.01.01][effectbase.cpp:1783]: HOI4_FACTORY_TRACKER| 1:00, 1 February, 1937|BUL|15|3|0
[15:10:39][1937.02.01.01][effectbase.cpp:1799]: [15:10:39][1937.02.01.01][effectbase.cpp:1783]: HOI4_FACTORY_TRACKER| 1:00, 1 February, 1937|POR|12|2|5
[15:10:39][1937.02.01.01][effectbase.cpp:1799]: [15:10:39][1937.02.01.01][effectbase.cpp:1783]: HOI4_FACTORY_TRACKER| 1:00, 1 February, 1937|IRE|11|2|0
[15:10:39][1937.02.01.01][effectbase.cpp:1799]: [15:10:39][1937.02.01.01][effectbase.cpp:1783]: HOI4_FACTORY_TRACKER| 1:00, 1 February, 1937|HUN|14|7|0
[15:10:39][1937.02.01.01][effectbase.cpp:1799]: [15:10:39][1937.02.01.01][effectbase.cpp:1783]: HOI4_FACTORY_TRACKER| 1:00, 1 February, 1937|ETH|4|2|0
[15:10:39][1937.02.01.01][effectbase.cpp:1799]: [15:10:39][1937.02.01.01][effectbase.cpp:1783]: HOI4_FACTORY_TRACKER| 1:00, 1 February, 1937|PER|5|6|0
[15:10:39][1937.02.01.01][effectbase.cpp:1799]: [15:10:39][1937.02.01.01][effectbase.cpp:1783]: HOI4_FACTORY_TRACKER| 1:00, 1 February, 1937|MAL|4|2|1
[15:10:39][1937.02.01.01][effectbase.cpp:1799]: [15:10:39][1937.02.01.01][effectbase.cpp:1783]: HOI4_FACTORY_TRACKER| 1:00, 1 February, 1937|INS|8|1|2
[15:10:39][1937.02.01.01][effectbase.cpp:1799]: [15:10:39][1937.02.01.01][effectbase.cpp:1783]: HOI4_FACTORY_TRACKER| 1:00, 1 February, 1937|AFA|0|0|0
[15:10:39][1937.02.01.01][effectbase.cpp:1799]: [15:11:00][1937.03.01.01][effectbase.cpp:1783]: HOI4_FACTORY_TRACKER| 1:00, 1 March, 1937|ADT|177|71|40
[15:11:00][1937.03.01.01][effectbase.cpp:1799]: [15:11:00][1937.03.01.01][effectbase.cpp:1783]: HOI4_FACTORY_TRACKER| 1:00, 1 March, 1937|SWE|22|3|4
[15:11:00][1937.03.01.01][effectbase.cpp:1799]: [15:11:00][1937.03.01.01][effectbase.cpp:1783]: HOI4_FACTORY_TRACKER| 1:00, 1 March, 1937|LUX|3|1|0
[15:11:00][1937.03.01.01][effectbase.cpp:1799]: [15:11:00][1937.03.01.01][effectbase.cpp:1783]: HOI4_FACTORY_TRACKER| 1:00, 1 March, 1937|BEL|17|6|0
[15:11:00][1937.03.01.01][effectbase.cpp:1799]: [15:11:00][1937.03.01.01][effectbase.cpp:1783]: HOI4_FACTORY_TRACKER| 1:00, 1 March, 1937|HOL|14|8|1
[15:11:00][1937.03.01.01][effectbase.cpp:1799]: [15:11:00][1937.03.01.01][effectbase.cpp:1783]: HOI4_FACTORY_TRACKER| 1:00, 1 March, 1937|CZE|20|10|0
[15:11:00][1937.03.01.01][effectbase.cpp:1799]: [15:11:00][1937.03.01.01][effectbase.cpp:1783]: HOI4_FACTORY_TRACKER| 1:00, 1 March, 1937|POL|20|11|0
[15:11:00][1937.03.01.01][effectbase.cpp:1799]: [15:11:00][1937.03.01.01][effectbase.cpp:1783]: HOI4_FACTORY_TRACKER| 1:00, 1 March, 1937|AUS|15|3|0
[15:11:00][1937.03.01.01][effectbase.cpp:1799]: [15:11:00][1937.03.01.01][effectbase.cpp:1783]: HOI4_FACTORY_TRACKER| 1:00, 1 March, 1937|LIT|5|2|0
[15:11:00][1937.03.01.01][effectbase.cpp:1799]: [15:11:00][1937.03.01.01][effectbase.cpp:1783]: HOI4_FACTORY_TRACKER| 1:00, 1 March, 1937|EST|4|2|0
[15:11:00][1937.03.01.01][effectbase.cpp:1799]: [15:11:00][1937.03.01.01][effectbase.cpp:1783]: HOI4_FACTORY_TRACKER| 1:00, 1 March, 1937|LAT|7|3|1
[15:11:00][1937.03.01.01][effectbase.cpp:1799]: [15:11:00][1937.03.01.01][effectbase.cpp:1783]: HOI4_FACTORY_TRACKER| 1:00, 1 March, 1937|ROM|12|7|4
[15:11:00][1937.03.01.01][effectbase.cpp:1799]: [15:11:00][1937.03.01.01][effectbase.cpp:1783]: HOI4_FACTORY_TRACKER| 1:00, 1 March, 1937|YUG|20|4|1
[15:11:00][1937.03.01.01][effectbase.cpp:1799]: [15:11:00][1937.03.01.01][effectbase.cpp:1783]: HOI4_FACTORY_TRACKER| 1:00, 1 March, 1937|SWI|13|6|0
[15:11:00][1937.03.01.01][effectbase.cpp:1799]: [15:11:00][1937.03.01.01][effectbase.cpp:1783]: HOI4_FACTORY_TRACKER| 1:00, 1 March, 1937|GRE|11|2|5
[15:11:00][1937.03.01.01][effectbase.cpp:1799]: [15:11:00][1937.03.01.01][effectbase.cpp:1783]: HOI4_FACTORY_TRACKER| 1:00, 1 March, 1937|ALB|4|2|0
[15:11:00][1937.03.01.01][effectbase.cpp:1799]: [15:11:00][1937.03.01.01][effectbase.cpp:1783]: HOI4_FACTORY_TRACKER| 1:00, 1 March, 1937|NOR|12|2|2
[15:11:00][1937.03.01.01][effectbase.cpp:1799]: [15:11:00][1937.03.01.01][effectbase.cpp:1783]: HOI4_FACTORY_TRACKER| 1:00, 1 March, 1937|DEN|12|2|2
[15:11:00][1937.03.01.01][effectbase.cpp:1799]: [15:11:00][1937.03.01.01][effectbase.cpp:1783]: HOI4_FACTORY_TRACKER| 1:00, 1 March, 1937|BUL|15|3|0
[15:11:00][1937.03.01.01][effectbase.cpp:1799]: [15:11:00][1937.03.01.01][effectbase.cpp:1783]: HOI4_FACTORY_TRACKER| 1:00, 1 March, 1937|POR|12|2|5
[15:11:00][1937.03.01.01][effectbase.cpp:1799]: [15:11:00][1937.03.01.01][effectbase.cpp:1783]: HOI4_FACTORY_TRACKER| 1:00, 1 March, 1937|IRE|11|2|0
[15:11:00][1937.03.01.01][effectbase.cpp:1799]: [15:11:00][1937.03.01.01][effectbase.cpp:1783]: HOI4_FACTORY_TRACKER| 1:00, 1 March, 1937|HUN|13|7|0
[15:11:00][1937.03.01.01][effectbase.cpp:1799]: [15:11:00][1937.03.01.01][effectbase.cpp:1783]: HOI4_FACTORY_TRACKER| 1:00, 1 March, 1937|ETH|4|2|0
[15:11:00][1937.03.01.01][effectbase.cpp:1799]: [15:11:00][1937.03.01.01][effectbase.cpp:1783]: HOI4_FACTORY_TRACKER| 1:00, 1 March, 1937|PER|7|6|0
[15:11:00][1937.03.01.01][effectbase.cpp:1799]: [15:11:00][1937.03.01.01][effectbase.cpp:1783]: HOI4_FACTORY_TRACKER| 1:00, 1 March, 1937|MAL|4|2|1
[15:11:00][1937.03.01.01][effectbase.cpp:1799]: [15:11:00][1937.03.01.01][effectbase.cpp:1783]: HOI4_FACTORY_TRACKER| 1:00, 1 March, 1937|INS|8|1|2
[15:11:00][1937.03.01.01][effectbase.cpp:1799]: [15:11:00][1937.03.01.01][effectbase.cpp:1783]: HOI4_FACTORY_TRACKER| 1:00, 1 March, 1937|AFA|0|0|0
[15:11:00][1937.03.01.01][effectbase.cpp:1799]: [15:11:22][1937.03.31.06][effectbase.cpp:1783]: random event 1
[15:11:22][1937.03.31.06][effectbase.cpp:1799]: [15:11:23][1937.04.01.01][effectbase.cpp:1783]: HOI4_FACTORY_TRACKER| 1:00, 1 April, 1937|ADT|180|72|41
[15:11:23][1937.04.01.01][effectbase.cpp:1799]: [15:11:23][1937.04.01.01][effectbase.cpp:1783]: HOI4_FACTORY_TRACKER| 1:00, 1 April, 1937|SWE|23|5|4
[15:11:23][1937.04.01.01][effectbase.cpp:1799]: [15:11:23][1937.04.01.01][effectbase.cpp:1783]: HOI4_FACTORY_TRACKER| 1:00, 1 April, 1937|LUX|3|1|0
[15:11:23][1937.04.01.01][effectbase.cpp:1799]: [15:11:23][1937.04.01.01][effectbase.cpp:1783]: HOI4_FACTORY_TRACKER| 1:00, 1 April, 1937|BEL|17|6|0
[15:11:23][1937.04.01.01][effectbase.cpp:1799]: [15:11:23][1937.04.01.01][effectbase.cpp:1783]: HOI4_FACTORY_TRACKER| 1:00, 1 April, 1937|HOL|14|8|1
[15:11:23][1937.04.01.01][effectbase.cpp:1799]: [15:11:23][1937.04.01.01][effectbase.cpp:1783]: HOI4_FACTORY_TRACKER| 1:00, 1 April, 1937|CZE|20|11|0
[15:11:23][1937.04.01.01][effectbase.cpp:1799]: [15:11:23][1937.04.01.01][effectbase.cpp:1783]: HOI4_FACTORY_TRACKER| 1:00, 1 April, 1937|POL|21|11|0
[15:11:23][1937.04.01.01][effectbase.cpp:1799]: [15:11:23][1937.04.01.01][effectbase.cpp:1783]: HOI4_FACTORY_TRACKER| 1:00, 1 April, 1937|AUS|16|3|0
[15:11:23][1937.04.01.01][effectbase.cpp:1799]: [15:11:23][1937.04.01.01][effectbase.cpp:1783]: HOI4_FACTORY_TRACKER| 1:00, 1 April, 1937|LIT|5|2|0
[15:11:23][1937.04.01.01][effectbase.cpp:1799]: [15:11:23][1937.04.01.01][effectbase.cpp:1783]: HOI4_FACTORY_TRACKER| 1:00, 1 April, 1937|EST|5|2|0
[15:11:23][1937.04.01.01][effectbase.cpp:1799]: [15:11:23][1937.04.01.01][effectbase.cpp:1783]: HOI4_FACTORY_TRACKER| 1:00, 1 April, 1937|LAT|7|3|1
[15:11:23][1937.04.01.01][effectbase.cpp:1799]: [15:11:23][1937.04.01.01][effectbase.cpp:1783]: HOI4_FACTORY_TRACKER| 1:00, 1 April, 1937|ROM|12|7|4
[15:11:23][1937.04.01.01][effectbase.cpp:1799]: [15:11:23][1937.04.01.01][effectbase.cpp:1783]: HOI4_FACTORY_TRACKER| 1:00, 1 April, 1937|YUG|20|4|1
[15:11:23][1937.04.01.01][effectbase.cpp:1799]: [15:11:23][1937.04.01.01][effectbase.cpp:1783]: HOI4_FACTORY_TRACKER| 1:00, 1 April, 1937|SWI|14|6|0
[15:11:23][1937.04.01.01][effectbase.cpp:1799]: [15:11:23][1937.04.01.01][effectbase.cpp:1783]: HOI4_FACTORY_TRACKER| 1:00, 1 April, 1937|GRE|11|2|5
[15:11:23][1937.04.01.01][effectbase.cpp:1799]: [15:11:23][1937.04.01.01][effectbase.cpp:1783]: HOI4_FACTORY_TRACKER| 1:00, 1 April, 1937|ALB|4|2|0
[15:11:23][1937.04.01.01][effectbase.cpp:1799]: [15:11:23][1937.04.01.01][effectbase.cpp:1783]: HOI4_FACTORY_TRACKER| 1:00, 1 April, 1937|NOR|12|2|2
[15:11:23][1937.04.01.01][effectbase.cpp:1799]: [15:11:23][1937.04.01.01][effectbase.cpp:1783]: HOI4_FACTORY_TRACKER| 1:00, 1 April, 1937|DEN|12|3|2
[15:11:23][1937.04.01.01][effectbase.cpp:1799]: [15:11:23][1937.04.01.01][effectbase.cpp:1783]: HOI4_FACTORY_TRACKER| 1:00, 1 April, 1937|BUL|15|3|0
[15:11:23][1937.04.01.01][effectbase.cpp:1799]: [15:11:23][1937.04.01.01][effectbase.cpp:1783]: HOI4_FACTORY_TRACKER| 1:00, 1 April, 1937|POR|12|2|5
[15:11:23][1937.04.01.01][effectbase.cpp:1799]: [15:11:23][1937.04.01.01][effectbase.cpp:1783]: HOI4_FACTORY_TRACKER| 1:00, 1 April, 1937|IRE|12|2|0
[15:11:23][1937.04.01.01][effectbase.cpp:1799]: [15:11:23][1937.04.01.01][effectbase.cpp:1783]: HOI4_FACTORY_TRACKER| 1:00, 1 April, 1937|HUN|14|7|0
[15:11:23][1937.04.01.01][effectbase.cpp:1799]: [15:11:23][1937.04.01.01][effectbase.cpp:1783]: HOI4_FACTORY_TRACKER| 1:00, 1 April, 1937|ETH|4|2|0
[15:11:23][1937.04.01.01][effectbase.cpp:1799]: [15:11:23][1937.04.01.01][effectbase.cpp:1783]: HOI4_FACTORY_TRACKER| 1:00, 1 April, 1937|PER|7|6|0
[15:11:23][1937.04.01.01][effectbase.cpp:1799]: [15:11:23][1937.04.01.01][effectbase.cpp:1783]: HOI4_FACTORY_TRACKER| 1:00, 1 April, 1937|MAL|4|2|1
[15:11:23][1937.04.01.01][effectbase.cpp:1799]: [15:11:23][1937.04.01.01][effectbase.cpp:1783]: HOI4_FACTORY_TRACKER| 1:00, 1 April, 1937|INS|8|1|2
[15:11:23][1937.04.01.01][effectbase.cpp:1799]: [15:11:23][1937.04.01.01][effectbase.cpp:1783]: HOI4_FACTORY_TRACKER| 1:00, 1 April, 1937|AFA|0|0|0
[15:11:23][1937.04.01.01][effectbase.cpp:1799]: [15:11:31][1937.04.11.20][effectbase.cpp:1783]: random 1: State Grows
[15:11:31][1937.04.11.20][effectbase.cpp:1799]: [15:11:45][1937.05.01.01][effectbase.cpp:1783]: HOI4_FACTORY_TRACKER| 1:00, 1 May, 1937|ADT|182|73|41
[15:11:45][1937.05.01.01][effectbase.cpp:1799]: [15:11:45][1937.05.01.01][effectbase.cpp:1783]: HOI4_FACTORY_TRACKER| 1:00, 1 May, 1937|SWE|23|5|4
[15:11:45][1937.05.01.01][effectbase.cpp:1799]: [15:11:45][1937.05.01.01][effectbase.cpp:1783]: HOI4_FACTORY_TRACKER| 1:00, 1 May, 1937|LUX|3|1|0
[15:11:45][1937.05.01.01][effectbase.cpp:1799]: [15:11:45][1937.05.01.01][effectbase.cpp:1783]: HOI4_FACTORY_TRACKER| 1:00, 1 May, 1937|BEL|17|6|0
[15:11:45][1937.05.01.01][effectbase.cpp:1799]: [15:11:45][1937.05.01.01][effectbase.cpp:1783]: HOI4_FACTORY_TRACKER| 1:00, 1 May, 1937|HOL|15|8|1
[15:11:45][1937.05.01.01][effectbase.cpp:1799]: [15:11:45][1937.05.01.01][effectbase.cpp:1783]: HOI4_FACTORY_TRACKER| 1:00, 1 May, 1937|CZE|20|11|0
[15:11:45][1937.05.01.01][effectbase.cpp:1799]: [15:11:45][1937.05.01.01][effectbase.cpp:1783]: HOI4_FACTORY_TRACKER| 1:00, 1 May, 1937|POL|21|11|0
[15:11:45][1937.05.01.01][effectbase.cpp:1799]: [15:11:45][1937.05.01.01][effectbase.cpp:1783]: HOI4_FACTORY_TRACKER| 1:00, 1 May, 1937|AUS|16|3|0
[15:11:45][1937.05.01.01][effectbase.cpp:1799]: [15:11:45][1937.05.01.01][effectbase.cpp:1783]: HOI4_FACTORY_TRACKER| 1:00, 1 May, 1937|LIT|5|2|0
[15:11:45][1937.05.01.01][effectbase.cpp:1799]: [15:11:45][1937.05.01.01][effectbase.cpp:1783]: HOI4_FACTORY_TRACKER| 1:00, 1 May, 1937|EST|5|2|0
[15:11:45][1937.05.01.01][effectbase.cpp:1799]: [15:11:45][1937.05.01.01][effectbase.cpp:1783]: HOI4_FACTORY_TRACKER| 1:00, 1 May, 1937|LAT|7|3|1
[15:11:45][1937.05.01.01][effectbase.cpp:1799]: [15:11:45][1937.05.01.01][effectbase.cpp:1783]: HOI4_FACTORY_TRACKER| 1:00, 1 May, 1937|ROM|12|7|4
[15:11:45][1937.05.01.01][effectbase.cpp:1799]: [15:11:45][1937.05.01.01][effectbase.cpp:1783]: HOI4_FACTORY_TRACKER| 1:00, 1 May, 1937|YUG|20|4|1
[15:11:45][1937.05.01.01][effectbase.cpp:1799]: [15:11:45][1937.05.01.01][effectbase.cpp:1783]: HOI4_FACTORY_TRACKER| 1:00, 1 May, 1937|SWI|14|6|0
[15:11:45][1937.05.01.01][effectbase.cpp:1799]: [15:11:45][1937.05.01.01][effectbase.cpp:1783]: HOI4_FACTORY_TRACKER| 1:00, 1 May, 1937|GRE|10|2|5
[15:11:45][1937.05.01.01][effectbase.cpp:1799]: [15:11:45][1937.05.01.01][effectbase.cpp:1783]: HOI4_FACTORY_TRACKER| 1:00, 1 May, 1937|ALB|4|2|0
[15:11:45][1937.05.01.01][effectbase.cpp:1799]: [15:11:45][1937.05.01.01][effectbase.cpp:1783]: HOI4_FACTORY_TRACKER| 1:00, 1 May, 1937|NOR|12|2|2
[15:11:45][1937.05.01.01][effectbase.cpp:1799]: [15:11:45][1937.05.01.01][effectbase.cpp:1783]: HOI4_FACTORY_TRACKER| 1:00, 1 May, 1937|DEN|12|3|2
[15:11:45][1937.05.01.01][effectbase.cpp:1799]: [15:11:45][1937.05.01.01][effectbase.cpp:1783]: HOI4_FACTORY_TRACKER| 1:00, 1 May, 1937|BUL|16|4|0
[15:11:45][1937.05.01.01][effectbase.cpp:1799]: [15:11:45][1937.05.01.01][effectbase.cpp:1783]: HOI4_FACTORY_TRACKER| 1:00, 1 May, 1937|POR|12|2|5
[15:11:45][1937.05.01.01][effectbase.cpp:1799]: [15:11:45][1937.05.01.01][effectbase.cpp:1783]: HOI4_FACTORY_TRACKER| 1:00, 1 May, 1937|IRE|12|2|0
[15:11:45][1937.05.01.01][effectbase.cpp:1799]: [15:11:45][1937.05.01.01][effectbase.cpp:1783]: HOI4_FACTORY_TRACKER| 1:00, 1 May, 1937|HUN|13|7|0
[15:11:45][1937.05.01.01][effectbase.cpp:1799]: [15:11:45][1937.05.01.01][effectbase.cpp:1783]: HOI4_FACTORY_TRACKER| 1:00, 1 May, 1937|ETH|4|2|0
[15:11:45][1937.05.01.01][effectbase.cpp:1799]: [15:11:45][1937.05.01.01][effectbase.cpp:1783]: HOI4_FACTORY_TRACKER| 1:00, 1 May, 1937|PER|7|6|0
[15:11:45][1937.05.01.01][effectbase.cpp:1799]: [15:11:45][1937.05.01.01][effectbase.cpp:1783]: HOI4_FACTORY_TRACKER| 1:00, 1 May, 1937|MAL|4|2|1
[15:11:45][1937.05.01.01][effectbase.cpp:1799]: [15:11:45][1937.05.01.01][effectbase.cpp:1783]: HOI4_FACTORY_TRACKER| 1:00, 1 May, 1937|INS|8|1|2
[15:11:45][1937.05.01.01][effectbase.cpp:1799]: [15:11:45][1937.05.01.01][effectbase.cpp:1783]: HOI4_FACTORY_TRACKER| 1:00, 1 May, 1937|AFA|0|0|0
[15:11:45][1937.05.01.01][effectbase.cpp:1799]: [15:11:56][1937.05.15.22][effectbase.cpp:1783]: Fully cantons activated
[15:11:56][1937.05.15.22][effectbase.cpp:1799]: [15:12:08][1937.06.01.01][effectbase.cpp:1783]: HOI4_FACTORY_TRACKER| 1:00, 1 June, 1937|ADT|184|74|42
[15:12:08][1937.06.01.01][effectbase.cpp:1799]: [15:12:08][1937.06.01.01][effectbase.cpp:1783]: HOI4_FACTORY_TRACKER| 1:00, 1 June, 1937|SWE|23|5|4
[15:12:08][1937.06.01.01][effectbase.cpp:1799]: [15:12:08][1937.06.01.01][effectbase.cpp:1783]: HOI4_FACTORY_TRACKER| 1:00, 1 June, 1937|LUX|3|1|0
[15:12:08][1937.06.01.01][effectbase.cpp:1799]: [15:12:08][1937.06.01.01][effectbase.cpp:1783]: HOI4_FACTORY_TRACKER| 1:00, 1 June, 1937|BEL|17|7|0
[15:12:08][1937.06.01.01][effectbase.cpp:1799]: [15:12:08][1937.06.01.01][effectbase.cpp:1783]: HOI4_FACTORY_TRACKER| 1:00, 1 June, 1937|HOL|15|8|1
[15:12:08][1937.06.01.01][effectbase.cpp:1799]: [15:12:08][1937.06.01.01][effectbase.cpp:1783]: HOI4_FACTORY_TRACKER| 1:00, 1 June, 1937|CZE|20|11|0
[15:12:08][1937.06.01.01][effectbase.cpp:1799]: [15:12:08][1937.06.01.01][effectbase.cpp:1783]: HOI4_FACTORY_TRACKER| 1:00, 1 June, 1937|POL|21|11|0
[15:12:08][1937.06.01.01][effectbase.cpp:1799]: [15:12:08][1937.06.01.01][effectbase.cpp:1783]: HOI4_FACTORY_TRACKER| 1:00, 1 June, 1937|AUS|17|3|0
[15:12:08][1937.06.01.01][effectbase.cpp:1799]: [15:12:08][1937.06.01.01][effectbase.cpp:1783]: HOI4_FACTORY_TRACKER| 1:00, 1 June, 1937|LIT|5|2|0
[15:12:08][1937.06.01.01][effectbase.cpp:1799]: [15:12:08][1937.06.01.01][effectbase.cpp:1783]: HOI4_FACTORY_TRACKER| 1:00, 1 June, 1937|EST|5|2|0
[15:12:08][1937.06.01.01][effectbase.cpp:1799]: [15:12:08][1937.06.01.01][effectbase.cpp:1783]: HOI4_FACTORY_TRACKER| 1:00, 1 June, 1937|LAT|7|3|1
[15:12:08][1937.06.01.01][effectbase.cpp:1799]: [15:12:08][1937.06.01.01][effectbase.cpp:1783]: HOI4_FACTORY_TRACKER| 1:00, 1 June, 1937|ROM|13|7|4
[15:12:08][1937.06.01.01][effectbase.cpp:1799]: [15:12:08][1937.06.01.01][effectbase.cpp:1783]: HOI4_FACTORY_TRACKER| 1:00, 1 June, 1937|YUG|20|4|1
[15:12:08][1937.06.01.01][effectbase.cpp:1799]: [15:12:08][1937.06.01.01][effectbase.cpp:1783]: HOI4_FACTORY_TRACKER| 1:00, 1 June, 1937|SWI|14|6|0
[15:12:08][1937.06.01.01][effectbase.cpp:1799]: [15:12:08][1937.06.01.01][effectbase.cpp:1783]: HOI4_FACTORY_TRACKER| 1:00, 1 June, 1937|GRE|10|2|5
[15:12:08][1937.06.01.01][effectbase.cpp:1799]: [15:12:08][1937.06.01.01][effectbase.cpp:1783]: HOI4_FACTORY_TRACKER| 1:00, 1 June, 1937|ALB|4|3|0
[15:12:08][1937.06.01.01][effectbase.cpp:1799]: [15:12:08][1937.06.01.01][effectbase.cpp:1783]: HOI4_FACTORY_TRACKER| 1:00, 1 June, 1937|NOR|13|2|2
[15:12:08][1937.06.01.01][effectbase.cpp:1799]: [15:12:08][1937.06.01.01][effectbase.cpp:1783]: HOI4_FACTORY_TRACKER| 1:00, 1 June, 1937|DEN|12|3|2
[15:12:08][1937.06.01.01][effectbase.cpp:1799]: [15:12:08][1937.06.01.01][effectbase.cpp:1783]: HOI4_FACTORY_TRACKER| 1:00, 1 June, 1937|BUL|17|4|0
[15:12:08][1937.06.01.01][effectbase.cpp:1799]: [15:12:08][1937.06.01.01][effectbase.cpp:1783]: HOI4_FACTORY_TRACKER| 1:00, 1 June, 1937|POR|12|2|8
[15:12:08][1937.06.01.01][effectbase.cpp:1799]: [15:12:08][1937.06.01.01][effectbase.cpp:1783]: HOI4_FACTORY_TRACKER| 1:00, 1 June, 1937|IRE|12|2|0
[15:12:08][1937.06.01.01][effectbase.cpp:1799]: [15:12:08][1937.06.01.01][effectbase.cpp:1783]: HOI4_FACTORY_TRACKER| 1:00, 1 June, 1937|HUN|14|7|0
[15:12:08][1937.06.01.01][effectbase.cpp:1799]: [15:12:08][1937.06.01.01][effectbase.cpp:1783]: HOI4_FACTORY_TRACKER| 1:00, 1 June, 1937|ETH|4|2|0
[15:12:08][1937.06.01.01][effectbase.cpp:1799]: [15:12:08][1937.06.01.01][effectbase.cpp:1783]: HOI4_FACTORY_TRACKER| 1:00, 1 June, 1937|PER|8|6|0
[15:12:08][1937.06.01.01][effectbase.cpp:1799]: [15:12:08][1937.06.01.01][effectbase.cpp:1783]: HOI4_FACTORY_TRACKER| 1:00, 1 June, 1937|MAL|6|2|1
[15:12:08][1937.06.01.01][effectbase.cpp:1799]: [15:12:08][1937.06.01.01][effectbase.cpp:1783]: HOI4_FACTORY_TRACKER| 1:00, 1 June, 1937|INS|8|1|2
[15:12:08][1937.06.01.01][effectbase.cpp:1799]: [15:12:08][1937.06.01.01][effectbase.cpp:1783]: HOI4_FACTORY_TRACKER| 1:00, 1 June, 1937|AFA|0|0|0
[15:12:08][1937.06.01.01][effectbase.cpp:1799]: [15:12:22][1937.06.20.01][effectbase.cpp:1783]: Very cantons activated
[15:12:22][1937.06.20.01][effectbase.cpp:1799]: [15:12:30][1937.07.01.01][effectbase.cpp:1783]: HOI4_FACTORY_TRACKER| 1:00, 1 July, 1937|ADT|187|75|43
[15:12:30][1937.07.01.01][effectbase.cpp:1799]: [15:12:30][1937.07.01.01][effectbase.cpp:1783]: HOI4_FACTORY_TRACKER| 1:00, 1 July, 1937|SWE|24|8|4
[15:12:30][1937.07.01.01][effectbase.cpp:1799]: [15:12:30][1937.07.01.01][effectbase.cpp:1783]: HOI4_FACTORY_TRACKER| 1:00, 1 July, 1937|LUX|3|1|0
[15:12:30][1937.07.01.01][effectbase.cpp:1799]: [15:12:30][1937.07.01.01][effectbase.cpp:1783]: HOI4_FACTORY_TRACKER| 1:00, 1 July, 1937|BEL|17|7|0
[15:12:30][1937.07.01.01][effectbase.cpp:1799]: [15:12:30][1937.07.01.01][effectbase.cpp:1783]: HOI4_FACTORY_TRACKER| 1:00, 1 July, 1937|HOL|15|8|1
[15:12:30][1937.07.01.01][effectbase.cpp:1799]: [15:12:30][1937.07.01.01][effectbase.cpp:1783]: HOI4_FACTORY_TRACKER| 1:00, 1 July, 1937|CZE|20|11|0
[15:12:30][1937.07.01.01][effectbase.cpp:1799]: [15:12:30][1937.07.01.01][effectbase.cpp:1783]: HOI4_FACTORY_TRACKER| 1:00, 1 July, 1937|POL|21|12|0
[15:12:30][1937.07.01.01][effectbase.cpp:1799]: [15:12:30][1937.07.01.01][effectbase.cpp:1783]: HOI4_FACTORY_TRACKER| 1:00, 1 July, 1937|AUS|18|3|0
[15:12:30][1937.07.01.01][effectbase.cpp:1799]: [15:12:30][1937.07.01.01][effectbase.cpp:1783]: HOI4_FACTORY_TRACKER| 1:00, 1 July, 1937|LIT|5|2|0
[15:12:30][1937.07.01.01][effectbase.cpp:1799]: [15:12:30][1937.07.01.01][effectbase.cpp:1783]: HOI4_FACTORY_TRACKER| 1:00, 1 July, 1937|EST|7|2|0
[15:12:30][1937.07.01.01][effectbase.cpp:1799]: [15:12:30][1937.07.01.01][effectbase.cpp:1783]: HOI4_FACTORY_TRACKER| 1:00, 1 July, 1937|LAT|7|3|1
[15:12:30][1937.07.01.01][effectbase.cpp:1799]: [15:12:30][1937.07.01.01][effectbase.cpp:1783]: HOI4_FACTORY_TRACKER| 1:00, 1 July, 1937|ROM|12|7|4
[15:12:30][1937.07.01.01][effectbase.cpp:1799]: [15:12:30][1937.07.01.01][effectbase.cpp:1783]: HOI4_FACTORY_TRACKER| 1:00, 1 July, 1937|YUG|21|4|1
[15:12:30][1937.07.01.01][effectbase.cpp:1799]: [15:12:30][1937.07.01.01][effectbase.cpp:1783]: HOI4_FACTORY_TRACKER| 1:00, 1 July, 1937|SWI|14|6|0
[15:12:30][1937.07.01.01][effectbase.cpp:1799]: [15:12:30][1937.07.01.01][effectbase.cpp:1783]: HOI4_FACTORY_TRACKER| 1:00, 1 July, 1937|GRE|10|2|5
[15:12:30][1937.07.01.01][effectbase.cpp:1799]: [15:12:30][1937.07.01.01][effectbase.cpp:1783]: HOI4_FACTORY_TRACKER| 1:00, 1 July, 1937|ALB|4|3|0
[15:12:30][1937.07.01.01][effectbase.cpp:1799]: [15:12:30][1937.07.01.01][effectbase.cpp:1783]: HOI4_FACTORY_TRACKER| 1:00, 1 July, 1937|NOR|13|2|2
[15:12:30][1937.07.01.01][effectbase.cpp:1799]: [15:12:30][1937.07.01.01][effectbase.cpp:1783]: HOI4_FACTORY_TRACKER| 1:00, 1 July, 1937|DEN|12|3|2
[15:12:30][1937.07.01.01][effectbase.cpp:1799]: [15:12:30][1937.07.01.01][effectbase.cpp:1783]: HOI4_FACTORY_TRACKER| 1:00, 1 July, 1937|BUL|18|4|0
[15:12:30][1937.07.01.01][effectbase.cpp:1799]: [15:12:30][1937.07.01.01][effectbase.cpp:1783]: HOI4_FACTORY_TRACKER| 1:00, 1 July, 1937|POR|12|2|8
[15:12:30][1937.07.01.01][effectbase.cpp:1799]: [15:12:30][1937.07.01.01][effectbase.cpp:1783]: HOI4_FACTORY_TRACKER| 1:00, 1 July, 1937|IRE|12|2|0
[15:12:30][1937.07.01.01][effectbase.cpp:1799]: [15:12:30][1937.07.01.01][effectbase.cpp:1783]: HOI4_FACTORY_TRACKER| 1:00, 1 July, 1937|HUN|15|7|0
[15:12:30][1937.07.01.01][effectbase.cpp:1799]: [15:12:30][1937.07.01.01][effectbase.cpp:1783]: HOI4_FACTORY_TRACKER| 1:00, 1 July, 1937|ETH|4|2|0
[15:12:30][1937.07.01.01][effectbase.cpp:1799]: [15:12:30][1937.07.01.01][effectbase.cpp:1783]: HOI4_FACTORY_TRACKER| 1:00, 1 July, 1937|PER|8|6|0
[15:12:30][1937.07.01.01][effectbase.cpp:1799]: [15:12:30][1937.07.01.01][effectbase.cpp:1783]: HOI4_FACTORY_TRACKER| 1:00, 1 July, 1937|MAL|6|2|1
[15:12:30][1937.07.01.01][effectbase.cpp:1799]: [15:12:30][1937.07.01.01][effectbase.cpp:1783]: HOI4_FACTORY_TRACKER| 1:00, 1 July, 1937|INS|8|1|2
[15:12:30][1937.07.01.01][effectbase.cpp:1799]: [15:12:30][1937.07.01.01][effectbase.cpp:1783]: HOI4_FACTORY_TRACKER| 1:00, 1 July, 1937|AFA|0|0|0
[15:12:30][1937.07.01.01][effectbase.cpp:1799]: [15:12:53][1937.08.01.01][effectbase.cpp:1783]: HOI4_FACTORY_TRACKER| 1:00, 1 August, 1937|ADT|189|76|43
[15:12:53][1937.08.01.01][effectbase.cpp:1799]: [15:12:53][1937.08.01.01][effectbase.cpp:1783]: HOI4_FACTORY_TRACKER| 1:00, 1 August, 1937|SWE|24|8|4
[15:12:53][1937.08.01.01][effectbase.cpp:1799]: [15:12:53][1937.08.01.01][effectbase.cpp:1783]: HOI4_FACTORY_TRACKER| 1:00, 1 August, 1937|LUX|3|1|0
[15:12:53][1937.08.01.01][effectbase.cpp:1799]: [15:12:53][1937.08.01.01][effectbase.cpp:1783]: HOI4_FACTORY_TRACKER| 1:00, 1 August, 1937|BEL|17|7|0
[15:12:53][1937.08.01.01][effectbase.cpp:1799]: [15:12:53][1937.08.01.01][effectbase.cpp:1783]: HOI4_FACTORY_TRACKER| 1:00, 1 August, 1937|HOL|15|8|1
[15:12:53][1937.08.01.01][effectbase.cpp:1799]: [15:12:53][1937.08.01.01][effectbase.cpp:1783]: HOI4_FACTORY_TRACKER| 1:00, 1 August, 1937|CZE|21|11|0
[15:12:53][1937.08.01.01][effectbase.cpp:1799]: [15:12:53][1937.08.01.01][effectbase.cpp:1783]: HOI4_FACTORY_TRACKER| 1:00, 1 August, 1937|POL|22|12|0
[15:12:53][1937.08.01.01][effectbase.cpp:1799]: [15:12:53][1937.08.01.01][effectbase.cpp:1783]: HOI4_FACTORY_TRACKER| 1:00, 1 August, 1937|AUS|18|3|0
[15:12:53][1937.08.01.01][effectbase.cpp:1799]: [15:12:53][1937.08.01.01][effectbase.cpp:1783]: HOI4_FACTORY_TRACKER| 1:00, 1 August, 1937|LIT|5|2|0
[15:12:53][1937.08.01.01][effectbase.cpp:1799]: [15:12:53][1937.08.01.01][effectbase.cpp:1783]: HOI4_FACTORY_TRACKER| 1:00, 1 August, 1937|EST|7|2|0
[15:12:53][1937.08.01.01][effectbase.cpp:1799]: [15:12:53][1937.08.01.01][effectbase.cpp:1783]: HOI4_FACTORY_TRACKER| 1:00, 1 August, 1937|LAT|7|3|1
[15:12:53][1937.08.01.01][effectbase.cpp:1799]: [15:12:53][1937.08.01.01][effectbase.cpp:1783]: HOI4_FACTORY_TRACKER| 1:00, 1 August, 1937|ROM|14|7|4
[15:12:53][1937.08.01.01][effectbase.cpp:1799]: [15:12:53][1937.08.01.01][effectbase.cpp:1783]: HOI4_FACTORY_TRACKER| 1:00, 1 August, 1937|YUG|21|4|1
[15:12:53][1937.08.01.01][effectbase.cpp:1799]: [15:12:53][1937.08.01.01][effectbase.cpp:1783]: HOI4_FACTORY_TRACKER| 1:00, 1 August, 1937|SWI|14|6|0
[15:12:53][1937.08.01.01][effectbase.cpp:1799]: [15:12:53][1937.08.01.01][effectbase.cpp:1783]: HOI4_FACTORY_TRACKER| 1:00, 1 August, 1937|GRE|10|2|5
[15:12:53][1937.08.01.01][effectbase.cpp:1799]: [15:12:53][1937.08.01.01][effectbase.cpp:1783]: HOI4_FACTORY_TRACKER| 1:00, 1 August, 1937|ALB|4|4|0
[15:12:53][1937.08.01.01][effectbase.cpp:1799]: [15:12:53][1937.08.01.01][effectbase.cpp:1783]: HOI4_FACTORY_TRACKER| 1:00, 1 August, 1937|NOR|14|2|2
[15:12:53][1937.08.01.01][effectbase.cpp:1799]: [15:12:53][1937.08.01.01][effectbase.cpp:1783]: HOI4_FACTORY_TRACKER| 1:00, 1 August, 1937|DEN|13|3|2
[15:12:53][1937.08.01.01][effectbase.cpp:1799]: [15:12:53][1937.08.01.01][effectbase.cpp:1783]: HOI4_FACTORY_TRACKER| 1:00, 1 August, 1937|BUL|17|4|0
[15:12:53][1937.08.01.01][effectbase.cpp:1799]: [15:12:53][1937.08.01.01][effectbase.cpp:1783]: HOI4_FACTORY_TRACKER| 1:00, 1 August, 1937|POR|11|2|10
[15:12:53][1937.08.01.01][effectbase.cpp:1799]: [15:12:53][1937.08.01.01][effectbase.cpp:1783]: HOI4_FACTORY_TRACKER| 1:00, 1 August, 1937|IRE|12|2|0
[15:12:53][1937.08.01.01][effectbase.cpp:1799]: [15:12:53][1937.08.01.01][effectbase.cpp:1783]: HOI4_FACTORY_TRACKER| 1:00, 1 August, 1937|HUN|15|7|0
[15:12:53][1937.08.01.01][effectbase.cpp:1799]: [15:12:53][1937.08.01.01][effectbase.cpp:1783]: HOI4_FACTORY_TRACKER| 1:00, 1 August, 1937|ETH|4|2|0
[15:12:53][1937.08.01.01][effectbase.cpp:1799]: [15:12:53][1937.08.01.01][effectbase.cpp:1783]: HOI4_FACTORY_TRACKER| 1:00, 1 August, 1937|PER|8|6|0
[15:12:53][1937.08.01.01][effectbase.cpp:1799]: [15:12:53][1937.08.01.01][effectbase.cpp:1783]: HOI4_FACTORY_TRACKER| 1:00, 1 August, 1937|MAL|6|2|1
[15:12:53][1937.08.01.01][effectbase.cpp:1799]: [15:12:53][1937.08.01.01][effectbase.cpp:1783]: HOI4_FACTORY_TRACKER| 1:00, 1 August, 1937|INS|8|1|2
[15:12:53][1937.08.01.01][effectbase.cpp:1799]: [15:12:53][1937.08.01.01][effectbase.cpp:1783]: HOI4_FACTORY_TRACKER| 1:00, 1 August, 1937|AFA|0|0|0
[15:12:53][1937.08.01.01][effectbase.cpp:1799]: [15:13:16][1937.09.01.01][effectbase.cpp:1783]: HOI4_FACTORY_TRACKER| 1:00, 1 September, 1937|ADT|191|76|44
[15:13:16][1937.09.01.01][effectbase.cpp:1799]: [15:13:16][1937.09.01.01][effectbase.cpp:1783]: HOI4_FACTORY_TRACKER| 1:00, 1 September, 1937|SWE|24|8|4
[15:13:16][1937.09.01.01][effectbase.cpp:1799]: [15:13:16][1937.09.01.01][effectbase.cpp:1783]: HOI4_FACTORY_TRACKER| 1:00, 1 September, 1937|LUX|3|1|0
[15:13:16][1937.09.01.01][effectbase.cpp:1799]: [15:13:16][1937.09.01.01][effectbase.cpp:1783]: HOI4_FACTORY_TRACKER| 1:00, 1 September, 1937|BEL|17|8|0
[15:13:16][1937.09.01.01][effectbase.cpp:1799]: [15:13:16][1937.09.01.01][effectbase.cpp:1783]: HOI4_FACTORY_TRACKER| 1:00, 1 September, 1937|HOL|15|8|1
[15:13:16][1937.09.01.01][effectbase.cpp:1799]: [15:13:16][1937.09.01.01][effectbase.cpp:1783]: HOI4_FACTORY_TRACKER| 1:00, 1 September, 1937|CZE|21|11|0
[15:13:16][1937.09.01.01][effectbase.cpp:1799]: [15:13:16][1937.09.01.01][effectbase.cpp:1783]: HOI4_FACTORY_TRACKER| 1:00, 1 September, 1937|POL|23|12|0
[15:13:16][1937.09.01.01][effectbase.cpp:1799]: [15:13:16][1937.09.01.01][effectbase.cpp:1783]: HOI4_FACTORY_TRACKER| 1:00, 1 September, 1937|AUS|21|4|0
[15:13:16][1937.09.01.01][effectbase.cpp:1799]: [15:13:16][1937.09.01.01][effectbase.cpp:1783]: HOI4_FACTORY_TRACKER| 1:00, 1 September, 1937|LIT|5|2|0
[15:13:16][1937.09.01.01][effectbase.cpp:1799]: [15:13:16][1937.09.01.01][effectbase.cpp:1783]: HOI4_FACTORY_TRACKER| 1:00, 1 September, 1937|EST|9|2|0
[15:13:16][1937.09.01.01][effectbase.cpp:1799]: [15:13:16][1937.09.01.01][effectbase.cpp:1783]: HOI4_FACTORY_TRACKER| 1:00, 1 September, 1937|LAT|7|3|1
[15:13:16][1937.09.01.01][effectbase.cpp:1799]: [15:13:16][1937.09.01.01][effectbase.cpp:1783]: HOI4_FACTORY_TRACKER| 1:00, 1 September, 1937|ROM|13|7|4
[15:13:16][1937.09.01.01][effectbase.cpp:1799]: [15:13:16][1937.09.01.01][effectbase.cpp:1783]: HOI4_FACTORY_TRACKER| 1:00, 1 September, 1937|YUG|21|4|1
[15:13:16][1937.09.01.01][effectbase.cpp:1799]: [15:13:16][1937.09.01.01][effectbase.cpp:1783]: HOI4_FACTORY_TRACKER| 1:00, 1 September, 1937|SWI|12|6|0
[15:13:16][1937.09.01.01][effectbase.cpp:1799]: [15:13:16][1937.09.01.01][effectbase.cpp:1783]: HOI4_FACTORY_TRACKER| 1:00, 1 September, 1937|GRE|11|2|5
[15:13:16][1937.09.01.01][effectbase.cpp:1799]: [15:13:16][1937.09.01.01][effectbase.cpp:1783]: HOI4_FACTORY_TRACKER| 1:00, 1 September, 1937|ALB|4|4|0
[15:13:16][1937.09.01.01][effectbase.cpp:1799]: [15:13:16][1937.09.01.01][effectbase.cpp:1783]: HOI4_FACTORY_TRACKER| 1:00, 1 September, 1937|NOR|18|2|2
[15:13:16][1937.09.01.01][effectbase.cpp:1799]: [15:13:16][1937.09.01.01][effectbase.cpp:1783]: HOI4_FACTORY_TRACKER| 1:00, 1 September, 1937|DEN|13|3|2
[15:13:16][1937.09.01.01][effectbase.cpp:1799]: [15:13:16][1937.09.01.01][effectbase.cpp:1783]: HOI4_FACTORY_TRACKER| 1:00, 1 September, 1937|BUL|17|4|0
[15:13:16][1937.09.01.01][effectbase.cpp:1799]: [15:13:16][1937.09.01.01][effectbase.cpp:1783]: HOI4_FACTORY_TRACKER| 1:00, 1 September, 1937|POR|11|2|10
[15:13:16][1937.09.01.01][effectbase.cpp:1799]: [15:13:16][1937.09.01.01][effectbase.cpp:1783]: HOI4_FACTORY_TRACKER| 1:00, 1 September, 1937|IRE|13|2|0
[15:13:16][1937.09.01.01][effectbase.cpp:1799]: [15:13:16][1937.09.01.01][effectbase.cpp:1783]: HOI4_FACTORY_TRACKER| 1:00, 1 September, 1937|HUN|15|7|0
[15:13:16][1937.09.01.01][effectbase.cpp:1799]: [15:13:16][1937.09.01.01][effectbase.cpp:1783]: HOI4_FACTORY_TRACKER| 1:00, 1 September, 1937|ETH|4|2|0
[15:13:16][1937.09.01.01][effectbase.cpp:1799]: [15:13:16][1937.09.01.01][effectbase.cpp:1783]: HOI4_FACTORY_TRACKER| 1:00, 1 September, 1937|PER|10|6|0
[15:13:16][1937.09.01.01][effectbase.cpp:1799]: [15:13:16][1937.09.01.01][effectbase.cpp:1783]: HOI4_FACTORY_TRACKER| 1:00, 1 September, 1937|MAL|6|2|1
[15:13:16][1937.09.01.01][effectbase.cpp:1799]: [15:13:16][1937.09.01.01][effectbase.cpp:1783]: HOI4_FACTORY_TRACKER| 1:00, 1 September, 1937|INS|8|1|2
[15:13:16][1937.09.01.01][effectbase.cpp:1799]: [15:13:16][1937.09.01.01][effectbase.cpp:1783]: HOI4_FACTORY_TRACKER| 1:00, 1 September, 1937|AFA|0|0|0
[15:13:16][1937.09.01.01][effectbase.cpp:1799]: [15:13:35][1937.09.26.08][effectbase.cpp:1783]: random event 1
[15:13:35][1937.09.26.08][effectbase.cpp:1799]: [15:13:38][1937.10.01.01][effectbase.cpp:1783]: HOI4_FACTORY_TRACKER| 1:00, 1 October, 1937|ADT|193|77|44
[15:13:38][1937.10.01.01][effectbase.cpp:1799]: [15:13:38][1937.10.01.01][effectbase.cpp:1783]: HOI4_FACTORY_TRACKER| 1:00, 1 October, 1937|SWE|24|8|4
[15:13:38][1937.10.01.01][effectbase.cpp:1799]: [15:13:38][1937.10.01.01][effectbase.cpp:1783]: HOI4_FACTORY_TRACKER| 1:00, 1 October, 1937|LUX|4|1|0
[15:13:38][1937.10.01.01][effectbase.cpp:1799]: [15:13:38][1937.10.01.01][effectbase.cpp:1783]: HOI4_FACTORY_TRACKER| 1:00, 1 October, 1937|BEL|17|8|0
[15:13:38][1937.10.01.01][effectbase.cpp:1799]: [15:13:38][1937.10.01.01][effectbase.cpp:1783]: HOI4_FACTORY_TRACKER| 1:00, 1 October, 1937|HOL|16|9|4
[15:13:38][1937.10.01.01][effectbase.cpp:1799]: [15:13:38][1937.10.01.01][effectbase.cpp:1783]: HOI4_FACTORY_TRACKER| 1:00, 1 October, 1937|CZE|23|12|0
[15:13:38][1937.10.01.01][effectbase.cpp:1799]: [15:13:38][1937.10.01.01][effectbase.cpp:1783]: HOI4_FACTORY_TRACKER| 1:00, 1 October, 1937|POL|23|12|0
[15:13:38][1937.10.01.01][effectbase.cpp:1799]: [15:13:38][1937.10.01.01][effectbase.cpp:1783]: HOI4_FACTORY_TRACKER| 1:00, 1 October, 1937|AUS|24|7|0
[15:13:38][1937.10.01.01][effectbase.cpp:1799]: [15:13:38][1937.10.01.01][effectbase.cpp:1783]: HOI4_FACTORY_TRACKER| 1:00, 1 October, 1937|LIT|5|2|0
[15:13:38][1937.10.01.01][effectbase.cpp:1799]: [15:13:38][1937.10.01.01][effectbase.cpp:1783]: HOI4_FACTORY_TRACKER| 1:00, 1 October, 1937|EST|10|2|0
[15:13:38][1937.10.01.01][effectbase.cpp:1799]: [15:13:38][1937.10.01.01][effectbase.cpp:1783]: HOI4_FACTORY_TRACKER| 1:00, 1 October, 1937|LAT|7|3|1
[15:13:38][1937.10.01.01][effectbase.cpp:1799]: [15:13:38][1937.10.01.01][effectbase.cpp:1783]: HOI4_FACTORY_TRACKER| 1:00, 1 October, 1937|ROM|14|7|4
[15:13:38][1937.10.01.01][effectbase.cpp:1799]: [15:13:38][1937.10.01.01][effectbase.cpp:1783]: HOI4_FACTORY_TRACKER| 1:00, 1 October, 1937|YUG|21|4|1
[15:13:38][1937.10.01.01][effectbase.cpp:1799]: [15:13:38][1937.10.01.01][effectbase.cpp:1783]: HOI4_FACTORY_TRACKER| 1:00, 1 October, 1937|SWI|12|6|0
[15:13:38][1937.10.01.01][effectbase.cpp:1799]: [15:13:38][1937.10.01.01][effectbase.cpp:1783]: HOI4_FACTORY_TRACKER| 1:00, 1 October, 1937|GRE|10|2|5
[15:13:38][1937.10.01.01][effectbase.cpp:1799]: [15:13:38][1937.10.01.01][effectbase.cpp:1783]: HOI4_FACTORY_TRACKER| 1:00, 1 October, 1937|ALB|4|4|0
[15:13:38][1937.10.01.01][effectbase.cpp:1799]: [15:13:38][1937.10.01.01][effectbase.cpp:1783]: HOI4_FACTORY_TRACKER| 1:00, 1 October, 1937|NOR|18|2|2
[15:13:38][1937.10.01.01][effectbase.cpp:1799]: [15:13:38][1937.10.01.01][effectbase.cpp:1783]: HOI4_FACTORY_TRACKER| 1:00, 1 October, 1937|DEN|13|3|2
[15:13:38][1937.10.01.01][effectbase.cpp:1799]: [15:13:38][1937.10.01.01][effectbase.cpp:1783]: HOI4_FACTORY_TRACKER| 1:00, 1 October, 1937|BUL|20|4|0
[15:13:38][1937.10.01.01][effectbase.cpp:1799]: [15:13:38][1937.10.01.01][effectbase.cpp:1783]: HOI4_FACTORY_TRACKER| 1:00, 1 October, 1937|POR|11|2|10
[15:13:38][1937.10.01.01][effectbase.cpp:1799]: [15:13:38][1937.10.01.01][effectbase.cpp:1783]: HOI4_FACTORY_TRACKER| 1:00, 1 October, 1937|IRE|13|2|0
[15:13:38][1937.10.01.01][effectbase.cpp:1799]: [15:13:38][1937.10.01.01][effectbase.cpp:1783]: HOI4_FACTORY_TRACKER| 1:00, 1 October, 1937|HUN|16|7|0
[15:13:38][1937.10.01.01][effectbase.cpp:1799]: [15:13:38][1937.10.01.01][effectbase.cpp:1783]: HOI4_FACTORY_TRACKER| 1:00, 1 October, 1937|ETH|4|2|0
[15:13:38][1937.10.01.01][effectbase.cpp:1799]: [15:13:38][1937.10.01.01][effectbase.cpp:1783]: HOI4_FACTORY_TRACKER| 1:00, 1 October, 1937|PER|9|6|0
[15:13:38][1937.10.01.01][effectbase.cpp:1799]: [15:13:38][1937.10.01.01][effectbase.cpp:1783]: HOI4_FACTORY_TRACKER| 1:00, 1 October, 1937|MAL|6|3|1
[15:13:38][1937.10.01.01][effectbase.cpp:1799]: [15:13:38][1937.10.01.01][effectbase.cpp:1783]: HOI4_FACTORY_TRACKER| 1:00, 1 October, 1937|INS|8|2|2
[15:13:38][1937.10.01.01][effectbase.cpp:1799]: [15:13:38][1937.10.01.01][effectbase.cpp:1783]: HOI4_FACTORY_TRACKER| 1:00, 1 October, 1937|AFA|0|0|0
[15:13:38][1937.10.01.01][effectbase.cpp:1799]: [15:13:43][1937.10.07.09][effectbase.cpp:1783]: random 4
[15:13:43][1937.10.07.09][effectbase.cpp:1799]: [15:14:01][1937.11.01.01][effectbase.cpp:1783]: HOI4_FACTORY_TRACKER| 1:00, 1 November, 1937|ADT|195|78|45
[15:14:01][1937.11.01.01][effectbase.cpp:1799]: [15:14:01][1937.11.01.01][effectbase.cpp:1783]: HOI4_FACTORY_TRACKER| 1:00, 1 November, 1937|SWE|24|8|4
[15:14:01][1937.11.01.01][effectbase.cpp:1799]: [15:14:01][1937.11.01.01][effectbase.cpp:1783]: HOI4_FACTORY_TRACKER| 1:00, 1 November, 1937|LUX|4|1|0
[15:14:01][1937.11.01.01][effectbase.cpp:1799]: [15:14:01][1937.11.01.01][effectbase.cpp:1783]: HOI4_FACTORY_TRACKER| 1:00, 1 November, 1937|BEL|17|8|0
[15:14:01][1937.11.01.01][effectbase.cpp:1799]: [15:14:01][1937.11.01.01][effectbase.cpp:1783]: HOI4_FACTORY_TRACKER| 1:00, 1 November, 1937|HOL|16|9|4
[15:14:01][1937.11.01.01][effectbase.cpp:1799]: [15:14:01][1937.11.01.01][effectbase.cpp:1783]: HOI4_FACTORY_TRACKER| 1:00, 1 November, 1937|CZE|23|12|0
[15:14:01][1937.11.01.01][effectbase.cpp:1799]: [15:14:01][1937.11.01.01][effectbase.cpp:1783]: HOI4_FACTORY_TRACKER| 1:00, 1 November, 1937|POL|24|12|0
[15:14:01][1937.11.01.01][effectbase.cpp:1799]: [15:14:01][1937.11.01.01][effectbase.cpp:1783]: HOI4_FACTORY_TRACKER| 1:00, 1 November, 1937|AUS|24|7|0
[15:14:01][1937.11.01.01][effectbase.cpp:1799]: [15:14:01][1937.11.01.01][effectbase.cpp:1783]: HOI4_FACTORY_TRACKER| 1:00, 1 November, 1937|LIT|5|2|0
[15:14:01][1937.11.01.01][effectbase.cpp:1799]: [15:14:01][1937.11.01.01][effectbase.cpp:1783]: HOI4_FACTORY_TRACKER| 1:00, 1 November, 1937|EST|10|2|0
[15:14:01][1937.11.01.01][effectbase.cpp:1799]: [15:14:01][1937.11.01.01][effectbase.cpp:1783]: HOI4_FACTORY_TRACKER| 1:00, 1 November, 1937|LAT|8|3|1
[15:14:01][1937.11.01.01][effectbase.cpp:1799]: [15:14:01][1937.11.01.01][effectbase.cpp:1783]: HOI4_FACTORY_TRACKER| 1:00, 1 November, 1937|ROM|14|7|4
[15:14:01][1937.11.01.01][effectbase.cpp:1799]: [15:14:01][1937.11.01.01][effectbase.cpp:1783]: HOI4_FACTORY_TRACKER| 1:00, 1 November, 1937|YUG|22|4|1
[15:14:01][1937.11.01.01][effectbase.cpp:1799]: [15:14:01][1937.11.01.01][effectbase.cpp:1783]: HOI4_FACTORY_TRACKER| 1:00, 1 November, 1937|SWI|12|6|0
[15:14:01][1937.11.01.01][effectbase.cpp:1799]: [15:14:01][1937.11.01.01][effectbase.cpp:1783]: HOI4_FACTORY_TRACKER| 1:00, 1 November, 1937|GRE|10|2|5
[15:14:01][1937.11.01.01][effectbase.cpp:1799]: [15:14:01][1937.11.01.01][effectbase.cpp:1783]: HOI4_FACTORY_TRACKER| 1:00, 1 November, 1937|ALB|4|4|0
[15:14:01][1937.11.01.01][effectbase.cpp:1799]: [15:14:01][1937.11.01.01][effectbase.cpp:1783]: HOI4_FACTORY_TRACKER| 1:00, 1 November, 1937|NOR|19|2|2
[15:14:01][1937.11.01.01][effectbase.cpp:1799]: [15:14:01][1937.11.01.01][effectbase.cpp:1783]: HOI4_FACTORY_TRACKER| 1:00, 1 November, 1937|DEN|14|3|2
[15:14:01][1937.11.01.01][effectbase.cpp:1799]: [15:14:01][1937.11.01.01][effectbase.cpp:1783]: HOI4_FACTORY_TRACKER| 1:00, 1 November, 1937|BUL|23|4|0
[15:14:01][1937.11.01.01][effectbase.cpp:1799]: [15:14:01][1937.11.01.01][effectbase.cpp:1783]: HOI4_FACTORY_TRACKER| 1:00, 1 November, 1937|POR|12|2|10
[15:14:01][1937.11.01.01][effectbase.cpp:1799]: [15:14:01][1937.11.01.01][effectbase.cpp:1783]: HOI4_FACTORY_TRACKER| 1:00, 1 November, 1937|IRE|13|2|0
[15:14:01][1937.11.01.01][effectbase.cpp:1799]: [15:14:01][1937.11.01.01][effectbase.cpp:1783]: HOI4_FACTORY_TRACKER| 1:00, 1 November, 1937|HUN|15|7|0
[15:14:01][1937.11.01.01][effectbase.cpp:1799]: [15:14:01][1937.11.01.01][effectbase.cpp:1783]: HOI4_FACTORY_TRACKER| 1:00, 1 November, 1937|ETH|4|2|0
[15:14:01][1937.11.01.01][effectbase.cpp:1799]: [15:14:01][1937.11.01.01][effectbase.cpp:1783]: HOI4_FACTORY_TRACKER| 1:00, 1 November, 1937|PER|9|6|0
[15:14:01][1937.11.01.01][effectbase.cpp:1799]: [15:14:01][1937.11.01.01][effectbase.cpp:1783]: HOI4_FACTORY_TRACKER| 1:00, 1 November, 1937|MAL|6|3|1
[15:14:01][1937.11.01.01][effectbase.cpp:1799]: [15:14:01][1937.11.01.01][effectbase.cpp:1783]: HOI4_FACTORY_TRACKER| 1:00, 1 November, 1937|INS|8|2|2
[15:14:01][1937.11.01.01][effectbase.cpp:1799]: [15:14:01][1937.11.01.01][effectbase.cpp:1783]: HOI4_FACTORY_TRACKER| 1:00, 1 November, 1937|AFA|0|0|0
[15:14:01][1937.11.01.01][effectbase.cpp:1799]: [15:14:24][1937.12.01.01][effectbase.cpp:1783]: HOI4_FACTORY_TRACKER| 1:00, 1 December, 1937|ADT|197|79|45
[15:14:24][1937.12.01.01][effectbase.cpp:1799]: [15:14:24][1937.12.01.01][effectbase.cpp:1783]: HOI4_FACTORY_TRACKER| 1:00, 1 December, 1937|SWE|27|9|4
[15:14:24][1937.12.01.01][effectbase.cpp:1799]: [15:14:24][1937.12.01.01][effectbase.cpp:1783]: HOI4_FACTORY_TRACKER| 1:00, 1 December, 1937|LUX|5|1|0
[15:14:24][1937.12.01.01][effectbase.cpp:1799]: [15:14:24][1937.12.01.01][effectbase.cpp:1783]: HOI4_FACTORY_TRACKER| 1:00, 1 December, 1937|BEL|17|8|0
[15:14:24][1937.12.01.01][effectbase.cpp:1799]: [15:14:24][1937.12.01.01][effectbase.cpp:1783]: HOI4_FACTORY_TRACKER| 1:00, 1 December, 1937|HOL|16|9|4
[15:14:24][1937.12.01.01][effectbase.cpp:1799]: [15:14:24][1937.12.01.01][effectbase.cpp:1783]: HOI4_FACTORY_TRACKER| 1:00, 1 December, 1937|CZE|23|12|0
[15:14:24][1937.12.01.01][effectbase.cpp:1799]: [15:14:24][1937.12.01.01][effectbase.cpp:1783]: HOI4_FACTORY_TRACKER| 1:00, 1 December, 1937|POL|24|12|0
[15:14:24][1937.12.01.01][effectbase.cpp:1799]: [15:14:24][1937.12.01.01][effectbase.cpp:1783]: HOI4_FACTORY_TRACKER| 1:00, 1 December, 1937|AUS|25|8|0
[15:14:24][1937.12.01.01][effectbase.cpp:1799]: [15:14:24][1937.12.01.01][effectbase.cpp:1783]: HOI4_FACTORY_TRACKER| 1:00, 1 December, 1937|LIT|5|2|0
[15:14:24][1937.12.01.01][effectbase.cpp:1799]: [15:14:24][1937.12.01.01][effectbase.cpp:1783]: HOI4_FACTORY_TRACKER| 1:00, 1 December, 1937|EST|10|2|0
[15:14:24][1937.12.01.01][effectbase.cpp:1799]: [15:14:24][1937.12.01.01][effectbase.cpp:1783]: HOI4_FACTORY_TRACKER| 1:00, 1 December, 1937|LAT|8|3|1
[15:14:24][1937.12.01.01][effectbase.cpp:1799]: [15:14:24][1937.12.01.01][effectbase.cpp:1783]: HOI4_FACTORY_TRACKER| 1:00, 1 December, 1937|ROM|15|7|4
[15:14:24][1937.12.01.01][effectbase.cpp:1799]: [15:14:24][1937.12.01.01][effectbase.cpp:1783]: HOI4_FACTORY_TRACKER| 1:00, 1 December, 1937|YUG|22|4|1
[15:14:24][1937.12.01.01][effectbase.cpp:1799]: [15:14:24][1937.12.01.01][effectbase.cpp:1783]: HOI4_FACTORY_TRACKER| 1:00, 1 December, 1937|SWI|12|6|0
[15:14:24][1937.12.01.01][effectbase.cpp:1799]: [15:14:24][1937.12.01.01][effectbase.cpp:1783]: HOI4_FACTORY_TRACKER| 1:00, 1 December, 1937|GRE|10|2|5
[15:14:24][1937.12.01.01][effectbase.cpp:1799]: [15:14:24][1937.12.01.01][effectbase.cpp:1783]: HOI4_FACTORY_TRACKER| 1:00, 1 December, 1937|ALB|4|4|0
[15:14:24][1937.12.01.01][effectbase.cpp:1799]: [15:14:24][1937.12.01.01][effectbase.cpp:1783]: HOI4_FACTORY_TRACKER| 1:00, 1 December, 1937|NOR|20|2|2
[15:14:24][1937.12.01.01][effectbase.cpp:1799]: [15:14:24][1937.12.01.01][effectbase.cpp:1783]: HOI4_FACTORY_TRACKER| 1:00, 1 December, 1937|DEN|14|3|2
[15:14:24][1937.12.01.01][effectbase.cpp:1799]: [15:14:24][1937.12.01.01][effectbase.cpp:1783]: HOI4_FACTORY_TRACKER| 1:00, 1 December, 1937|BUL|23|4|0
[15:14:24][1937.12.01.01][effectbase.cpp:1799]: [15:14:24][1937.12.01.01][effectbase.cpp:1783]: HOI4_FACTORY_TRACKER| 1:00, 1 December, 1937|POR|11|2|10
[15:14:24][1937.12.01.01][effectbase.cpp:1799]: [15:14:24][1937.12.01.01][effectbase.cpp:1783]: HOI4_FACTORY_TRACKER| 1:00, 1 December, 1937|IRE|13|2|0
[15:14:24][1937.12.01.01][effectbase.cpp:1799]: [15:14:24][1937.12.01.01][effectbase.cpp:1783]: HOI4_FACTORY_TRACKER| 1:00, 1 December, 1937|HUN|15|8|0
[15:14:24][1937.12.01.01][effectbase.cpp:1799]: [15:14:24][1937.12.01.01][effectbase.cpp:1783]: HOI4_FACTORY_TRACKER| 1:00, 1 December, 1937|ETH|4|2|0
[15:14:24][1937.12.01.01][effectbase.cpp:1799]: [15:14:24][1937.12.01.01][effectbase.cpp:1783]: HOI4_FACTORY_TRACKER| 1:00, 1 December, 1937|PER|10|6|0
[15:14:24][1937.12.01.01][effectbase.cpp:1799]: [15:14:24][1937.12.01.01][effectbase.cpp:1783]: HOI4_FACTORY_TRACKER| 1:00, 1 December, 1937|MAL|6|3|1
[15:14:24][1937.12.01.01][effectbase.cpp:1799]: [15:14:24][1937.12.01.01][effectbase.cpp:1783]: HOI4_FACTORY_TRACKER| 1:00, 1 December, 1937|INS|8|2|2
[15:14:24][1937.12.01.01][effectbase.cpp:1799]: [15:14:24][1937.12.01.01][effectbase.cpp:1783]: HOI4_FACTORY_TRACKER| 1:00, 1 December, 1937|AFA|0|0|0
[15:14:24][1937.12.01.01][effectbase.cpp:1799]: [15:14:47][1938.01.01.01][effectbase.cpp:1783]: HOI4_FACTORY_TRACKER| 1:00, 1 January, 1938|ADT|199|80|46
[15:14:47][1938.01.01.01][effectbase.cpp:1799]: [15:14:47][1938.01.01.01][effectbase.cpp:1783]: HOI4_FACTORY_TRACKER| 1:00, 1 January, 1938|SWE|27|9|4
[15:14:47][1938.01.01.01][effectbase.cpp:1799]: [15:14:47][1938.01.01.01][effectbase.cpp:1783]: HOI4_FACTORY_TRACKER| 1:00, 1 January, 1938|LUX|5|1|0
[15:14:47][1938.01.01.01][effectbase.cpp:1799]: [15:14:47][1938.01.01.01][effectbase.cpp:1783]: HOI4_FACTORY_TRACKER| 1:00, 1 January, 1938|BEL|18|8|0
[15:14:47][1938.01.01.01][effectbase.cpp:1799]: [15:14:47][1938.01.01.01][effectbase.cpp:1783]: HOI4_FACTORY_TRACKER| 1:00, 1 January, 1938|HOL|14|6|4
[15:14:47][1938.01.01.01][effectbase.cpp:1799]: [15:14:47][1938.01.01.01][effectbase.cpp:1783]: HOI4_FACTORY_TRACKER| 1:00, 1 January, 1938|CZE|23|12|0
[15:14:47][1938.01.01.01][effectbase.cpp:1799]: [15:14:47][1938.01.01.01][effectbase.cpp:1783]: HOI4_FACTORY_TRACKER| 1:00, 1 January, 1938|POL|24|13|0
[15:14:47][1938.01.01.01][effectbase.cpp:1799]: [15:14:47][1938.01.01.01][effectbase.cpp:1783]: HOI4_FACTORY_TRACKER| 1:00, 1 January, 1938|AUS|25|8|0
[15:14:47][1938.01.01.01][effectbase.cpp:1799]: [15:14:47][1938.01.01.01][effectbase.cpp:1783]: HOI4_FACTORY_TRACKER| 1:00, 1 January, 1938|LIT|5|2|0
[15:14:47][1938.01.01.01][effectbase.cpp:1799]: [15:14:47][1938.01.01.01][effectbase.cpp:1783]: HOI4_FACTORY_TRACKER| 1:00, 1 January, 1938|EST|10|2|0
[15:14:47][1938.01.01.01][effectbase.cpp:1799]: [15:14:47][1938.01.01.01][effectbase.cpp:1783]: HOI4_FACTORY_TRACKER| 1:00, 1 January, 1938|LAT|8|3|1
[15:14:47][1938.01.01.01][effectbase.cpp:1799]: [15:14:47][1938.01.01.01][effectbase.cpp:1783]: HOI4_FACTORY_TRACKER| 1:00, 1 January, 1938|ROM|14|7|4
[15:14:47][1938.01.01.01][effectbase.cpp:1799]: [15:14:47][1938.01.01.01][effectbase.cpp:1783]: HOI4_FACTORY_TRACKER| 1:00, 1 January, 1938|YUG|22|4|1
[15:14:47][1938.01.01.01][effectbase.cpp:1799]: [15:14:47][1938.01.01.01][effectbase.cpp:1783]: HOI4_FACTORY_TRACKER| 1:00, 1 January, 1938|SWI|10|6|0
[15:14:47][1938.01.01.01][effectbase.cpp:1799]: [15:14:47][1938.01.01.01][effectbase.cpp:1783]: HOI4_FACTORY_TRACKER| 1:00, 1 January, 1938|GRE|10|2|5
[15:14:47][1938.01.01.01][effectbase.cpp:1799]: [15:14:47][1938.01.01.01][effectbase.cpp:1783]: HOI4_FACTORY_TRACKER| 1:00, 1 January, 1938|ALB|6|4|0
[15:14:47][1938.01.01.01][effectbase.cpp:1799]: [15:14:47][1938.01.01.01][effectbase.cpp:1783]: HOI4_FACTORY_TRACKER| 1:00, 1 January, 1938|NOR|19|2|2
[15:14:47][1938.01.01.01][effectbase.cpp:1799]: [15:14:47][1938.01.01.01][effectbase.cpp:1783]: HOI4_FACTORY_TRACKER| 1:00, 1 January, 1938|DEN|14|3|2
[15:14:47][1938.01.01.01][effectbase.cpp:1799]: [15:14:47][1938.01.01.01][effectbase.cpp:1783]: HOI4_FACTORY_TRACKER| 1:00, 1 January, 1938|BUL|24|4|0
[15:14:47][1938.01.01.01][effectbase.cpp:1799]: [15:14:47][1938.01.01.01][effectbase.cpp:1783]: HOI4_FACTORY_TRACKER| 1:00, 1 January, 1938|POR|12|2|10
[15:14:47][1938.01.01.01][effectbase.cpp:1799]: [15:14:47][1938.01.01.01][effectbase.cpp:1783]: HOI4_FACTORY_TRACKER| 1:00, 1 January, 1938|IRE|16|2|0
[15:14:47][1938.01.01.01][effectbase.cpp:1799]: [15:14:47][1938.01.01.01][effectbase.cpp:1783]: HOI4_FACTORY_TRACKER| 1:00, 1 January, 1938|HUN|16|8|0
[15:14:47][1938.01.01.01][effectbase.cpp:1799]: [15:14:47][1938.01.01.01][effectbase.cpp:1783]: HOI4_FACTORY_TRACKER| 1:00, 1 January, 1938|ETH|4|2|0
[15:14:47][1938.01.01.01][effectbase.cpp:1799]: [15:14:47][1938.01.01.01][effectbase.cpp:1783]: HOI4_FACTORY_TRACKER| 1:00, 1 January, 1938|PER|10|6|0
[15:14:47][1938.01.01.01][effectbase.cpp:1799]: [15:14:47][1938.01.01.01][effectbase.cpp:1783]: HOI4_FACTORY_TRACKER| 1:00, 1 January, 1938|MAL|7|3|1
[15:14:47][1938.01.01.01][effectbase.cpp:1799]: [15:14:47][1938.01.01.01][effectbase.cpp:1783]: HOI4_FACTORY_TRACKER| 1:00, 1 January, 1938|INS|11|5|2
[15:14:47][1938.01.01.01][effectbase.cpp:1799]: [15:14:47][1938.01.01.01][effectbase.cpp:1783]: HOI4_FACTORY_TRACKER| 1:00, 1 January, 1938|AFA|0|0|0
[15:14:47][1938.01.01.01][effectbase.cpp:1799]: [15:15:10][1938.02.01.01][effectbase.cpp:1783]: HOI4_FACTORY_TRACKER| 1:00, 1 February, 1938|ADT|202|81|46
[15:15:10][1938.02.01.01][effectbase.cpp:1799]: [15:15:10][1938.02.01.01][effectbase.cpp:1783]: HOI4_FACTORY_TRACKER| 1:00, 1 February, 1938|SWE|30|9|4
[15:15:10][1938.02.01.01][effectbase.cpp:1799]: [15:15:10][1938.02.01.01][effectbase.cpp:1783]: HOI4_FACTORY_TRACKER| 1:00, 1 February, 1938|LUX|5|1|0
[15:15:10][1938.02.01.01][effectbase.cpp:1799]: [15:15:10][1938.02.01.01][effectbase.cpp:1783]: HOI4_FACTORY_TRACKER| 1:00, 1 February, 1938|BEL|18|8|0
[15:15:10][1938.02.01.01][effectbase.cpp:1799]: [15:15:10][1938.02.01.01][effectbase.cpp:1783]: HOI4_FACTORY_TRACKER| 1:00, 1 February, 1938|HOL|15|6|4
[15:15:10][1938.02.01.01][effectbase.cpp:1799]: [15:15:10][1938.02.01.01][effectbase.cpp:1783]: HOI4_FACTORY_TRACKER| 1:00, 1 February, 1938|CZE|21|12|0
[15:15:10][1938.02.01.01][effectbase.cpp:1799]: [15:15:10][1938.02.01.01][effectbase.cpp:1783]: HOI4_FACTORY_TRACKER| 1:00, 1 February, 1938|POL|24|13|0
[15:15:10][1938.02.01.01][effectbase.cpp:1799]: [15:15:10][1938.02.01.01][effectbase.cpp:1783]: HOI4_FACTORY_TRACKER| 1:00, 1 February, 1938|AUS|23|9|0
[15:15:10][1938.02.01.01][effectbase.cpp:1799]: [15:15:10][1938.02.01.01][effectbase.cpp:1783]: HOI4_FACTORY_TRACKER| 1:00, 1 February, 1938|LIT|5|2|0
[15:15:10][1938.02.01.01][effectbase.cpp:1799]: [15:15:10][1938.02.01.01][effectbase.cpp:1783]: HOI4_FACTORY_TRACKER| 1:00, 1 February, 1938|EST|15|2|0
[15:15:10][1938.02.01.01][effectbase.cpp:1799]: [15:15:10][1938.02.01.01][effectbase.cpp:1783]: HOI4_FACTORY_TRACKER| 1:00, 1 February, 1938|LAT|10|3|1
[15:15:10][1938.02.01.01][effectbase.cpp:1799]: [15:15:10][1938.02.01.01][effectbase.cpp:1783]: HOI4_FACTORY_TRACKER| 1:00, 1 February, 1938|ROM|14|7|4
[15:15:10][1938.02.01.01][effectbase.cpp:1799]: [15:15:10][1938.02.01.01][effectbase.cpp:1783]: HOI4_FACTORY_TRACKER| 1:00, 1 February, 1938|YUG|23|4|1
[15:15:10][1938.02.01.01][effectbase.cpp:1799]: [15:15:10][1938.02.01.01][effectbase.cpp:1783]: HOI4_FACTORY_TRACKER| 1:00, 1 February, 1938|SWI|14|6|0
[15:15:10][1938.02.01.01][effectbase.cpp:1799]: [15:15:10][1938.02.01.01][effectbase.cpp:1783]: HOI4_FACTORY_TRACKER| 1:00, 1 February, 1938|GRE|10|2|5
[15:15:10][1938.02.01.01][effectbase.cpp:1799]: [15:15:10][1938.02.01.01][effectbase.cpp:1783]: HOI4_FACTORY_TRACKER| 1:00, 1 February, 1938|ALB|6|4|0
[15:15:10][1938.02.01.01][effectbase.cpp:1799]: [15:15:10][1938.02.01.01][effectbase.cpp:1783]: HOI4_FACTORY_TRACKER| 1:00, 1 February, 1938|NOR|19|3|2
[15:15:10][1938.02.01.01][effectbase.cpp:1799]: [15:15:10][1938.02.01.01][effectbase.cpp:1783]: HOI4_FACTORY_TRACKER| 1:00, 1 February, 1938|DEN|14|3|3
[15:15:10][1938.02.01.01][effectbase.cpp:1799]: [15:15:10][1938.02.01.01][effectbase.cpp:1783]: HOI4_FACTORY_TRACKER| 1:00, 1 February, 1938|BUL|24|4|0
[15:15:10][1938.02.01.01][effectbase.cpp:1799]: [15:15:10][1938.02.01.01][effectbase.cpp:1783]: HOI4_FACTORY_TRACKER| 1:00, 1 February, 1938|POR|12|2|10
[15:15:10][1938.02.01.01][effectbase.cpp:1799]: [15:15:10][1938.02.01.01][effectbase.cpp:1783]: HOI4_FACTORY_TRACKER| 1:00, 1 February, 1938|IRE|16|2|0
[15:15:10][1938.02.01.01][effectbase.cpp:1799]: [15:15:10][1938.02.01.01][effectbase.cpp:1783]: HOI4_FACTORY_TRACKER| 1:00, 1 February, 1938|HUN|16|9|0
[15:15:10][1938.02.01.01][effectbase.cpp:1799]: [15:15:10][1938.02.01.01][effectbase.cpp:1783]: HOI4_FACTORY_TRACKER| 1:00, 1 February, 1938|ETH|4|2|0
[15:15:10][1938.02.01.01][effectbase.cpp:1799]: [15:15:10][1938.02.01.01][effectbase.cpp:1783]: HOI4_FACTORY_TRACKER| 1:00, 1 February, 1938|PER|10|8|0
[15:15:10][1938.02.01.01][effectbase.cpp:1799]: [15:15:10][1938.02.01.01][effectbase.cpp:1783]: HOI4_FACTORY_TRACKER| 1:00, 1 February, 1938|MAL|7|3|1
[15:15:10][1938.02.01.01][effectbase.cpp:1799]: [15:15:10][1938.02.01.01][effectbase.cpp:1783]: HOI4_FACTORY_TRACKER| 1:00, 1 February, 1938|INS|11|5|2
[15:15:10][1938.02.01.01][effectbase.cpp:1799]: [15:15:10][1938.02.01.01][effectbase.cpp:1783]: HOI4_FACTORY_TRACKER| 1:00, 1 February, 1938|AFA|0|0|0
[15:15:10][1938.02.01.01][effectbase.cpp:1799]: [15:15:31][1938.03.01.01][effectbase.cpp:1783]: HOI4_FACTORY_TRACKER| 1:00, 1 March, 1938|ADT|203|81|47
[15:15:31][1938.03.01.01][effectbase.cpp:1799]: [15:15:31][1938.03.01.01][effectbase.cpp:1783]: HOI4_FACTORY_TRACKER| 1:00, 1 March, 1938|SWE|30|9|4
[15:15:31][1938.03.01.01][effectbase.cpp:1799]: [15:15:31][1938.03.01.01][effectbase.cpp:1783]: HOI4_FACTORY_TRACKER| 1:00, 1 March, 1938|LUX|5|1|0
[15:15:31][1938.03.01.01][effectbase.cpp:1799]: [15:15:31][1938.03.01.01][effectbase.cpp:1783]: HOI4_FACTORY_TRACKER| 1:00, 1 March, 1938|BEL|18|8|0
[15:15:31][1938.03.01.01][effectbase.cpp:1799]: [15:15:31][1938.03.01.01][effectbase.cpp:1783]: HOI4_FACTORY_TRACKER| 1:00, 1 March, 1938|HOL|16|6|4
[15:15:31][1938.03.01.01][effectbase.cpp:1799]: [15:15:31][1938.03.01.01][effectbase.cpp:1783]: HOI4_FACTORY_TRACKER| 1:00, 1 March, 1938|CZE|21|12|0
[15:15:31][1938.03.01.01][effectbase.cpp:1799]: [15:15:31][1938.03.01.01][effectbase.cpp:1783]: HOI4_FACTORY_TRACKER| 1:00, 1 March, 1938|POL|25|13|0
[15:15:31][1938.03.01.01][effectbase.cpp:1799]: [15:15:31][1938.03.01.01][effectbase.cpp:1783]: HOI4_FACTORY_TRACKER| 1:00, 1 March, 1938|AUS|23|9|0
[15:15:31][1938.03.01.01][effectbase.cpp:1799]: [15:15:31][1938.03.01.01][effectbase.cpp:1783]: HOI4_FACTORY_TRACKER| 1:00, 1 March, 1938|LIT|5|2|0
[15:15:31][1938.03.01.01][effectbase.cpp:1799]: [15:15:31][1938.03.01.01][effectbase.cpp:1783]: HOI4_FACTORY_TRACKER| 1:00, 1 March, 1938|EST|15|2|0
[15:15:31][1938.03.01.01][effectbase.cpp:1799]: [15:15:31][1938.03.01.01][effectbase.cpp:1783]: HOI4_FACTORY_TRACKER| 1:00, 1 March, 1938|LAT|10|3|1
[15:15:31][1938.03.01.01][effectbase.cpp:1799]: [15:15:31][1938.03.01.01][effectbase.cpp:1783]: HOI4_FACTORY_TRACKER| 1:00, 1 March, 1938|ROM|14|7|4
[15:15:31][1938.03.01.01][effectbase.cpp:1799]: [15:15:31][1938.03.01.01][effectbase.cpp:1783]: HOI4_FACTORY_TRACKER| 1:00, 1 March, 1938|YUG|23|4|1
[15:15:31][1938.03.01.01][effectbase.cpp:1799]: [15:15:31][1938.03.01.01][effectbase.cpp:1783]: HOI4_FACTORY_TRACKER| 1:00, 1 March, 1938|SWI|14|6|0
[15:15:31][1938.03.01.01][effectbase.cpp:1799]: [15:15:31][1938.03.01.01][effectbase.cpp:1783]: HOI4_FACTORY_TRACKER| 1:00, 1 March, 1938|GRE|10|2|5
[15:15:31][1938.03.01.01][effectbase.cpp:1799]: [15:15:31][1938.03.01.01][effectbase.cpp:1783]: HOI4_FACTORY_TRACKER| 1:00, 1 March, 1938|ALB|6|4|0
[15:15:31][1938.03.01.01][effectbase.cpp:1799]: [15:15:31][1938.03.01.01][effectbase.cpp:1783]: HOI4_FACTORY_TRACKER| 1:00, 1 March, 1938|NOR|19|5|2
[15:15:31][1938.03.01.01][effectbase.cpp:1799]: [15:15:31][1938.03.01.01][effectbase.cpp:1783]: HOI4_FACTORY_TRACKER| 1:00, 1 March, 1938|DEN|15|3|3
[15:15:31][1938.03.01.01][effectbase.cpp:1799]: [15:15:31][1938.03.01.01][effectbase.cpp:1783]: HOI4_FACTORY_TRACKER| 1:00, 1 March, 1938|BUL|24|4|0
[15:15:31][1938.03.01.01][effectbase.cpp:1799]: [15:15:31][1938.03.01.01][effectbase.cpp:1783]: HOI4_FACTORY_TRACKER| 1:00, 1 March, 1938|POR|14|3|10
[15:15:31][1938.03.01.01][effectbase.cpp:1799]: [15:15:31][1938.03.01.01][effectbase.cpp:1783]: HOI4_FACTORY_TRACKER| 1:00, 1 March, 1938|IRE|16|3|0
[15:15:31][1938.03.01.01][effectbase.cpp:1799]: [15:15:31][1938.03.01.01][effectbase.cpp:1783]: HOI4_FACTORY_TRACKER| 1:00, 1 March, 1938|HUN|16|10|0
[15:15:31][1938.03.01.01][effectbase.cpp:1799]: [15:15:31][1938.03.01.01][effectbase.cpp:1783]: HOI4_FACTORY_TRACKER| 1:00, 1 March, 1938|ETH|4|2|0
[15:15:31][1938.03.01.01][effectbase.cpp:1799]: [15:15:31][1938.03.01.01][effectbase.cpp:1783]: HOI4_FACTORY_TRACKER| 1:00, 1 March, 1938|PER|10|8|0
[15:15:31][1938.03.01.01][effectbase.cpp:1799]: [15:15:31][1938.03.01.01][effectbase.cpp:1783]: HOI4_FACTORY_TRACKER| 1:00, 1 March, 1938|MAL|7|4|1
[15:15:31][1938.03.01.01][effectbase.cpp:1799]: [15:15:31][1938.03.01.01][effectbase.cpp:1783]: HOI4_FACTORY_TRACKER| 1:00, 1 March, 1938|INS|11|5|2
[15:15:31][1938.03.01.01][effectbase.cpp:1799]: [15:15:31][1938.03.01.01][effectbase.cpp:1783]: HOI4_FACTORY_TRACKER| 1:00, 1 March, 1938|AFA|0|0|0
[15:15:31][1938.03.01.01][effectbase.cpp:1799]: [15:15:46][1938.03.20.23][effectbase.cpp:1783]: random 3: weapons manufactory  
[15:15:46][1938.03.20.23][effectbase.cpp:1799]: [15:15:55][1938.04.01.01][effectbase.cpp:1783]: HOI4_FACTORY_TRACKER| 1:00, 1 April, 1938|ADT|206|82|47
[15:15:55][1938.04.01.01][effectbase.cpp:1799]: [15:15:55][1938.04.01.01][effectbase.cpp:1783]: HOI4_FACTORY_TRACKER| 1:00, 1 April, 1938|SWE|30|9|4
[15:15:55][1938.04.01.01][effectbase.cpp:1799]: [15:15:55][1938.04.01.01][effectbase.cpp:1783]: HOI4_FACTORY_TRACKER| 1:00, 1 April, 1938|LUX|5|1|0
[15:15:55][1938.04.01.01][effectbase.cpp:1799]: [15:15:55][1938.04.01.01][effectbase.cpp:1783]: HOI4_FACTORY_TRACKER| 1:00, 1 April, 1938|BEL|18|8|0
[15:15:55][1938.04.01.01][effectbase.cpp:1799]: [15:15:55][1938.04.01.01][effectbase.cpp:1783]: HOI4_FACTORY_TRACKER| 1:00, 1 April, 1938|HOL|15|6|4
[15:15:55][1938.04.01.01][effectbase.cpp:1799]: [15:15:55][1938.04.01.01][effectbase.cpp:1783]: HOI4_FACTORY_TRACKER| 1:00, 1 April, 1938|CZE|21|12|0
[15:15:55][1938.04.01.01][effectbase.cpp:1799]: [15:15:55][1938.04.01.01][effectbase.cpp:1783]: HOI4_FACTORY_TRACKER| 1:00, 1 April, 1938|POL|25|13|0
[15:15:55][1938.04.01.01][effectbase.cpp:1799]: [15:15:55][1938.04.01.01][effectbase.cpp:1783]: HOI4_FACTORY_TRACKER| 1:00, 1 April, 1938|AUS|27|11|0
[15:15:55][1938.04.01.01][effectbase.cpp:1799]: [15:15:55][1938.04.01.01][effectbase.cpp:1783]: HOI4_FACTORY_TRACKER| 1:00, 1 April, 1938|LIT|5|2|0
[15:15:55][1938.04.01.01][effectbase.cpp:1799]: [15:15:55][1938.04.01.01][effectbase.cpp:1783]: HOI4_FACTORY_TRACKER| 1:00, 1 April, 1938|EST|15|2|0
[15:15:55][1938.04.01.01][effectbase.cpp:1799]: [15:15:55][1938.04.01.01][effectbase.cpp:1783]: HOI4_FACTORY_TRACKER| 1:00, 1 April, 1938|LAT|14|3|1
[15:15:55][1938.04.01.01][effectbase.cpp:1799]: [15:15:55][1938.04.01.01][effectbase.cpp:1783]: HOI4_FACTORY_TRACKER| 1:00, 1 April, 1938|ROM|14|7|4
[15:15:55][1938.04.01.01][effectbase.cpp:1799]: [15:15:55][1938.04.01.01][effectbase.cpp:1783]: HOI4_FACTORY_TRACKER| 1:00, 1 April, 1938|YUG|23|4|1
[15:15:55][1938.04.01.01][effectbase.cpp:1799]: [15:15:55][1938.04.01.01][effectbase.cpp:1783]: HOI4_FACTORY_TRACKER| 1:00, 1 April, 1938|SWI|10|6|0
[15:15:55][1938.04.01.01][effectbase.cpp:1799]: [15:15:55][1938.04.01.01][effectbase.cpp:1783]: HOI4_FACTORY_TRACKER| 1:00, 1 April, 1938|GRE|10|2|5
[15:15:55][1938.04.01.01][effectbase.cpp:1799]: [15:15:55][1938.04.01.01][effectbase.cpp:1783]: HOI4_FACTORY_TRACKER| 1:00, 1 April, 1938|ALB|6|4|0
[15:15:55][1938.04.01.01][effectbase.cpp:1799]: [15:15:55][1938.04.01.01][effectbase.cpp:1783]: HOI4_FACTORY_TRACKER| 1:00, 1 April, 1938|NOR|19|6|2
[15:15:55][1938.04.01.01][effectbase.cpp:1799]: [15:15:55][1938.04.01.01][effectbase.cpp:1783]: HOI4_FACTORY_TRACKER| 1:00, 1 April, 1938|DEN|15|3|3
[15:15:55][1938.04.01.01][effectbase.cpp:1799]: [15:15:55][1938.04.01.01][effectbase.cpp:1783]: HOI4_FACTORY_TRACKER| 1:00, 1 April, 1938|BUL|25|5|0
[15:15:55][1938.04.01.01][effectbase.cpp:1799]: [15:15:55][1938.04.01.01][effectbase.cpp:1783]: HOI4_FACTORY_TRACKER| 1:00, 1 April, 1938|POR|12|3|10
[15:15:55][1938.04.01.01][effectbase.cpp:1799]: [15:15:55][1938.04.01.01][effectbase.cpp:1783]: HOI4_FACTORY_TRACKER| 1:00, 1 April, 1938|IRE|16|3|0
[15:15:55][1938.04.01.01][effectbase.cpp:1799]: [15:15:55][1938.04.01.01][effectbase.cpp:1783]: HOI4_FACTORY_TRACKER| 1:00, 1 April, 1938|HUN|19|11|0
[15:15:55][1938.04.01.01][effectbase.cpp:1799]: [15:15:55][1938.04.01.01][effectbase.cpp:1783]: HOI4_FACTORY_TRACKER| 1:00, 1 April, 1938|ETH|4|2|0
[15:15:55][1938.04.01.01][effectbase.cpp:1799]: [15:15:55][1938.04.01.01][effectbase.cpp:1783]: HOI4_FACTORY_TRACKER| 1:00, 1 April, 1938|PER|10|8|0
[15:15:55][1938.04.01.01][effectbase.cpp:1799]: [15:15:55][1938.04.01.01][effectbase.cpp:1783]: HOI4_FACTORY_TRACKER| 1:00, 1 April, 1938|MAL|7|4|1
[15:15:55][1938.04.01.01][effectbase.cpp:1799]: [15:15:55][1938.04.01.01][effectbase.cpp:1783]: HOI4_FACTORY_TRACKER| 1:00, 1 April, 1938|INS|11|5|2
[15:15:55][1938.04.01.01][effectbase.cpp:1799]: [15:15:55][1938.04.01.01][effectbase.cpp:1783]: HOI4_FACTORY_TRACKER| 1:00, 1 April, 1938|AFA|0|0|0
[15:15:55][1938.04.01.01][effectbase.cpp:1799]: [15:16:17][1938.05.01.01][effectbase.cpp:1783]: HOI4_FACTORY_TRACKER| 1:00, 1 May, 1938|ADT|208|83|47
[15:16:17][1938.05.01.01][effectbase.cpp:1799]: [15:16:17][1938.05.01.01][effectbase.cpp:1783]: HOI4_FACTORY_TRACKER| 1:00, 1 May, 1938|SWE|30|9|4
[15:16:17][1938.05.01.01][effectbase.cpp:1799]: [15:16:17][1938.05.01.01][effectbase.cpp:1783]: HOI4_FACTORY_TRACKER| 1:00, 1 May, 1938|LUX|4|2|0
[15:16:17][1938.05.01.01][effectbase.cpp:1799]: [15:16:17][1938.05.01.01][effectbase.cpp:1783]: HOI4_FACTORY_TRACKER| 1:00, 1 May, 1938|BEL|21|8|0
[15:16:17][1938.05.01.01][effectbase.cpp:1799]: [15:16:17][1938.05.01.01][effectbase.cpp:1783]: HOI4_FACTORY_TRACKER| 1:00, 1 May, 1938|HOL|15|7|4
[15:16:17][1938.05.01.01][effectbase.cpp:1799]: [15:16:17][1938.05.01.01][effectbase.cpp:1783]: HOI4_FACTORY_TRACKER| 1:00, 1 May, 1938|CZE|21|12|0
[15:16:17][1938.05.01.01][effectbase.cpp:1799]: [15:16:17][1938.05.01.01][effectbase.cpp:1783]: HOI4_FACTORY_TRACKER| 1:00, 1 May, 1938|POL|25|14|4
[15:16:17][1938.05.01.01][effectbase.cpp:1799]: [15:16:17][1938.05.01.01][effectbase.cpp:1783]: HOI4_FACTORY_TRACKER| 1:00, 1 May, 1938|AUS|27|11|0
[15:16:17][1938.05.01.01][effectbase.cpp:1799]: [15:16:17][1938.05.01.01][effectbase.cpp:1783]: HOI4_FACTORY_TRACKER| 1:00, 1 May, 1938|LIT|6|2|0
[15:16:17][1938.05.01.01][effectbase.cpp:1799]: [15:16:17][1938.05.01.01][effectbase.cpp:1783]: HOI4_FACTORY_TRACKER| 1:00, 1 May, 1938|EST|15|3|0
[15:16:17][1938.05.01.01][effectbase.cpp:1799]: [15:16:17][1938.05.01.01][effectbase.cpp:1783]: HOI4_FACTORY_TRACKER| 1:00, 1 May, 1938|LAT|15|3|1
[15:16:17][1938.05.01.01][effectbase.cpp:1799]: [15:16:17][1938.05.01.01][effectbase.cpp:1783]: HOI4_FACTORY_TRACKER| 1:00, 1 May, 1938|ROM|14|7|4
[15:16:17][1938.05.01.01][effectbase.cpp:1799]: [15:16:17][1938.05.01.01][effectbase.cpp:1783]: HOI4_FACTORY_TRACKER| 1:00, 1 May, 1938|YUG|24|4|1
[15:16:17][1938.05.01.01][effectbase.cpp:1799]: [15:16:17][1938.05.01.01][effectbase.cpp:1783]: HOI4_FACTORY_TRACKER| 1:00, 1 May, 1938|SWI|14|6|0
[15:16:17][1938.05.01.01][effectbase.cpp:1799]: [15:16:17][1938.05.01.01][effectbase.cpp:1783]: HOI4_FACTORY_TRACKER| 1:00, 1 May, 1938|GRE|11|5|5
[15:16:17][1938.05.01.01][effectbase.cpp:1799]: [15:16:17][1938.05.01.01][effectbase.cpp:1783]: HOI4_FACTORY_TRACKER| 1:00, 1 May, 1938|ALB|6|4|0
[15:16:17][1938.05.01.01][effectbase.cpp:1799]: [15:16:17][1938.05.01.01][effectbase.cpp:1783]: HOI4_FACTORY_TRACKER| 1:00, 1 May, 1938|NOR|19|6|2
[15:16:17][1938.05.01.01][effectbase.cpp:1799]: [15:16:17][1938.05.01.01][effectbase.cpp:1783]: HOI4_FACTORY_TRACKER| 1:00, 1 May, 1938|DEN|15|3|3
[15:16:17][1938.05.01.01][effectbase.cpp:1799]: [15:16:17][1938.05.01.01][effectbase.cpp:1783]: HOI4_FACTORY_TRACKER| 1:00, 1 May, 1938|BUL|24|5|0
[15:16:17][1938.05.01.01][effectbase.cpp:1799]: [15:16:17][1938.05.01.01][effectbase.cpp:1783]: HOI4_FACTORY_TRACKER| 1:00, 1 May, 1938|POR|13|3|10
[15:16:17][1938.05.01.01][effectbase.cpp:1799]: [15:16:17][1938.05.01.01][effectbase.cpp:1783]: HOI4_FACTORY_TRACKER| 1:00, 1 May, 1938|IRE|17|4|0
[15:16:17][1938.05.01.01][effectbase.cpp:1799]: [15:16:17][1938.05.01.01][effectbase.cpp:1783]: HOI4_FACTORY_TRACKER| 1:00, 1 May, 1938|HUN|19|11|0
[15:16:17][1938.05.01.01][effectbase.cpp:1799]: [15:16:17][1938.05.01.01][effectbase.cpp:1783]: HOI4_FACTORY_TRACKER| 1:00, 1 May, 1938|ETH|4|2|0
[15:16:17][1938.05.01.01][effectbase.cpp:1799]: [15:16:17][1938.05.01.01][effectbase.cpp:1783]: HOI4_FACTORY_TRACKER| 1:00, 1 May, 1938|PER|10|8|0
[15:16:17][1938.05.01.01][effectbase.cpp:1799]: [15:16:17][1938.05.01.01][effectbase.cpp:1783]: HOI4_FACTORY_TRACKER| 1:00, 1 May, 1938|MAL|7|4|1
[15:16:17][1938.05.01.01][effectbase.cpp:1799]: [15:16:17][1938.05.01.01][effectbase.cpp:1783]: HOI4_FACTORY_TRACKER| 1:00, 1 May, 1938|INS|11|5|2
[15:16:17][1938.05.01.01][effectbase.cpp:1799]: [15:16:17][1938.05.01.01][effectbase.cpp:1783]: HOI4_FACTORY_TRACKER| 1:00, 1 May, 1938|AFA|0|0|0
[15:16:17][1938.05.01.01][effectbase.cpp:1799]: [15:16:18][1938.05.01.11][effectbase.cpp:1783]: random event 1
[15:16:18][1938.05.01.11][effectbase.cpp:1799]: [15:16:40][1938.06.01.01][effectbase.cpp:1783]: HOI4_FACTORY_TRACKER| 1:00, 1 June, 1938|ADT|210|84|48
[15:16:40][1938.06.01.01][effectbase.cpp:1799]: [15:16:40][1938.06.01.01][effectbase.cpp:1783]: HOI4_FACTORY_TRACKER| 1:00, 1 June, 1938|SWE|30|11|4
[15:16:40][1938.06.01.01][effectbase.cpp:1799]: [15:16:40][1938.06.01.01][effectbase.cpp:1783]: HOI4_FACTORY_TRACKER| 1:00, 1 June, 1938|LUX|4|2|0
[15:16:40][1938.06.01.01][effectbase.cpp:1799]: [15:16:40][1938.06.01.01][effectbase.cpp:1783]: HOI4_FACTORY_TRACKER| 1:00, 1 June, 1938|BEL|21|8|0
[15:16:40][1938.06.01.01][effectbase.cpp:1799]: [15:16:40][1938.06.01.01][effectbase.cpp:1783]: HOI4_FACTORY_TRACKER| 1:00, 1 June, 1938|HOL|16|7|4
[15:16:40][1938.06.01.01][effectbase.cpp:1799]: [15:16:40][1938.06.01.01][effectbase.cpp:1783]: HOI4_FACTORY_TRACKER| 1:00, 1 June, 1938|CZE|22|12|0
[15:16:40][1938.06.01.01][effectbase.cpp:1799]: [15:16:40][1938.06.01.01][effectbase.cpp:1783]: HOI4_FACTORY_TRACKER| 1:00, 1 June, 1938|POL|25|14|4
[15:16:40][1938.06.01.01][effectbase.cpp:1799]: [15:16:40][1938.06.01.01][effectbase.cpp:1783]: HOI4_FACTORY_TRACKER| 1:00, 1 June, 1938|AUS|25|12|0
[15:16:40][1938.06.01.01][effectbase.cpp:1799]: [15:16:40][1938.06.01.01][effectbase.cpp:1783]: HOI4_FACTORY_TRACKER| 1:00, 1 June, 1938|LIT|6|2|0
[15:16:40][1938.06.01.01][effectbase.cpp:1799]: [15:16:40][1938.06.01.01][effectbase.cpp:1783]: HOI4_FACTORY_TRACKER| 1:00, 1 June, 1938|EST|15|5|0
[15:16:40][1938.06.01.01][effectbase.cpp:1799]: [15:16:40][1938.06.01.01][effectbase.cpp:1783]: HOI4_FACTORY_TRACKER| 1:00, 1 June, 1938|LAT|15|3|1
[15:16:40][1938.06.01.01][effectbase.cpp:1799]: [15:16:40][1938.06.01.01][effectbase.cpp:1783]: HOI4_FACTORY_TRACKER| 1:00, 1 June, 1938|ROM|15|7|4
[15:16:40][1938.06.01.01][effectbase.cpp:1799]: [15:16:40][1938.06.01.01][effectbase.cpp:1783]: HOI4_FACTORY_TRACKER| 1:00, 1 June, 1938|YUG|23|4|1
[15:16:40][1938.06.01.01][effectbase.cpp:1799]: [15:16:40][1938.06.01.01][effectbase.cpp:1783]: HOI4_FACTORY_TRACKER| 1:00, 1 June, 1938|SWI|14|6|0
[15:16:40][1938.06.01.01][effectbase.cpp:1799]: [15:16:40][1938.06.01.01][effectbase.cpp:1783]: HOI4_FACTORY_TRACKER| 1:00, 1 June, 1938|GRE|10|4|5
[15:16:40][1938.06.01.01][effectbase.cpp:1799]: [15:16:40][1938.06.01.01][effectbase.cpp:1783]: HOI4_FACTORY_TRACKER| 1:00, 1 June, 1938|ALB|6|4|0
[15:16:40][1938.06.01.01][effectbase.cpp:1799]: [15:16:40][1938.06.01.01][effectbase.cpp:1783]: HOI4_FACTORY_TRACKER| 1:00, 1 June, 1938|NOR|19|7|2
[15:16:40][1938.06.01.01][effectbase.cpp:1799]: [15:16:40][1938.06.01.01][effectbase.cpp:1783]: HOI4_FACTORY_TRACKER| 1:00, 1 June, 1938|DEN|15|3|3
[15:16:40][1938.06.01.01][effectbase.cpp:1799]: [15:16:40][1938.06.01.01][effectbase.cpp:1783]: HOI4_FACTORY_TRACKER| 1:00, 1 June, 1938|BUL|25|7|0
[15:16:40][1938.06.01.01][effectbase.cpp:1799]: [15:16:40][1938.06.01.01][effectbase.cpp:1783]: HOI4_FACTORY_TRACKER| 1:00, 1 June, 1938|POR|14|3|10
[15:16:40][1938.06.01.01][effectbase.cpp:1799]: [15:16:40][1938.06.01.01][effectbase.cpp:1783]: HOI4_FACTORY_TRACKER| 1:00, 1 June, 1938|IRE|17|4|0
[15:16:40][1938.06.01.01][effectbase.cpp:1799]: [15:16:40][1938.06.01.01][effectbase.cpp:1783]: HOI4_FACTORY_TRACKER| 1:00, 1 June, 1938|HUN|20|11|0
[15:16:40][1938.06.01.01][effectbase.cpp:1799]: [15:16:40][1938.06.01.01][effectbase.cpp:1783]: HOI4_FACTORY_TRACKER| 1:00, 1 June, 1938|ETH|4|2|0
[15:16:40][1938.06.01.01][effectbase.cpp:1799]: [15:16:40][1938.06.01.01][effectbase.cpp:1783]: HOI4_FACTORY_TRACKER| 1:00, 1 June, 1938|PER|10|8|0
[15:16:40][1938.06.01.01][effectbase.cpp:1799]: [15:16:40][1938.06.01.01][effectbase.cpp:1783]: HOI4_FACTORY_TRACKER| 1:00, 1 June, 1938|MAL|7|4|1
[15:16:40][1938.06.01.01][effectbase.cpp:1799]: [15:16:40][1938.06.01.01][effectbase.cpp:1783]: HOI4_FACTORY_TRACKER| 1:00, 1 June, 1938|INS|11|5|2
[15:16:40][1938.06.01.01][effectbase.cpp:1799]: [15:16:40][1938.06.01.01][effectbase.cpp:1783]: HOI4_FACTORY_TRACKER| 1:00, 1 June, 1938|AFA|0|0|0
[15:16:40][1938.06.01.01][effectbase.cpp:1799]: [15:17:02][1938.07.01.01][effectbase.cpp:1783]: HOI4_FACTORY_TRACKER| 1:00, 1 July, 1938|ADT|211|84|48
[15:17:02][1938.07.01.01][effectbase.cpp:1799]: [15:17:02][1938.07.01.01][effectbase.cpp:1783]: HOI4_FACTORY_TRACKER| 1:00, 1 July, 1938|SWE|32|11|4
[15:17:02][1938.07.01.01][effectbase.cpp:1799]: [15:17:02][1938.07.01.01][effectbase.cpp:1783]: HOI4_FACTORY_TRACKER| 1:00, 1 July, 1938|LUX|4|2|0
[15:17:02][1938.07.01.01][effectbase.cpp:1799]: [15:17:02][1938.07.01.01][effectbase.cpp:1783]: HOI4_FACTORY_TRACKER| 1:00, 1 July, 1938|BEL|21|8|0
[15:17:02][1938.07.01.01][effectbase.cpp:1799]: [15:17:02][1938.07.01.01][effectbase.cpp:1783]: HOI4_FACTORY_TRACKER| 1:00, 1 July, 1938|HOL|15|7|4
[15:17:02][1938.07.01.01][effectbase.cpp:1799]: [15:17:02][1938.07.01.01][effectbase.cpp:1783]: HOI4_FACTORY_TRACKER| 1:00, 1 July, 1938|CZE|23|13|0
[15:17:02][1938.07.01.01][effectbase.cpp:1799]: [15:17:02][1938.07.01.01][effectbase.cpp:1783]: HOI4_FACTORY_TRACKER| 1:00, 1 July, 1938|POL|25|14|6
[15:17:02][1938.07.01.01][effectbase.cpp:1799]: [15:17:02][1938.07.01.01][effectbase.cpp:1783]: HOI4_FACTORY_TRACKER| 1:00, 1 July, 1938|AUS|25|12|0
[15:17:02][1938.07.01.01][effectbase.cpp:1799]: [15:17:02][1938.07.01.01][effectbase.cpp:1783]: HOI4_FACTORY_TRACKER| 1:00, 1 July, 1938|LIT|6|2|0
[15:17:02][1938.07.01.01][effectbase.cpp:1799]: [15:17:02][1938.07.01.01][effectbase.cpp:1783]: HOI4_FACTORY_TRACKER| 1:00, 1 July, 1938|EST|15|6|0
[15:17:02][1938.07.01.01][effectbase.cpp:1799]: [15:17:02][1938.07.01.01][effectbase.cpp:1783]: HOI4_FACTORY_TRACKER| 1:00, 1 July, 1938|LAT|15|4|1
[15:17:02][1938.07.01.01][effectbase.cpp:1799]: [15:17:02][1938.07.01.01][effectbase.cpp:1783]: HOI4_FACTORY_TRACKER| 1:00, 1 July, 1938|ROM|15|7|4
[15:17:02][1938.07.01.01][effectbase.cpp:1799]: [15:17:02][1938.07.01.01][effectbase.cpp:1783]: HOI4_FACTORY_TRACKER| 1:00, 1 July, 1938|YUG|23|5|3
[15:17:02][1938.07.01.01][effectbase.cpp:1799]: [15:17:02][1938.07.01.01][effectbase.cpp:1783]: HOI4_FACTORY_TRACKER| 1:00, 1 July, 1938|SWI|11|6|0
[15:17:02][1938.07.01.01][effectbase.cpp:1799]: [15:17:02][1938.07.01.01][effectbase.cpp:1783]: HOI4_FACTORY_TRACKER| 1:00, 1 July, 1938|GRE|11|4|5
[15:17:02][1938.07.01.01][effectbase.cpp:1799]: [15:17:02][1938.07.01.01][effectbase.cpp:1783]: HOI4_FACTORY_TRACKER| 1:00, 1 July, 1938|ALB|6|4|0
[15:17:02][1938.07.01.01][effectbase.cpp:1799]: [15:17:02][1938.07.01.01][effectbase.cpp:1783]: HOI4_FACTORY_TRACKER| 1:00, 1 July, 1938|NOR|19|7|2
[15:17:02][1938.07.01.01][effectbase.cpp:1799]: [15:17:02][1938.07.01.01][effectbase.cpp:1783]: HOI4_FACTORY_TRACKER| 1:00, 1 July, 1938|DEN|16|3|3
[15:17:02][1938.07.01.01][effectbase.cpp:1799]: [15:17:02][1938.07.01.01][effectbase.cpp:1783]: HOI4_FACTORY_TRACKER| 1:00, 1 July, 1938|BUL|25|7|0
[15:17:02][1938.07.01.01][effectbase.cpp:1799]: [15:17:02][1938.07.01.01][effectbase.cpp:1783]: HOI4_FACTORY_TRACKER| 1:00, 1 July, 1938|POR|14|3|10
[15:17:02][1938.07.01.01][effectbase.cpp:1799]: [15:17:02][1938.07.01.01][effectbase.cpp:1783]: HOI4_FACTORY_TRACKER| 1:00, 1 July, 1938|IRE|17|4|0
[15:17:02][1938.07.01.01][effectbase.cpp:1799]: [15:17:02][1938.07.01.01][effectbase.cpp:1783]: HOI4_FACTORY_TRACKER| 1:00, 1 July, 1938|HUN|20|11|0
[15:17:02][1938.07.01.01][effectbase.cpp:1799]: [15:17:02][1938.07.01.01][effectbase.cpp:1783]: HOI4_FACTORY_TRACKER| 1:00, 1 July, 1938|ETH|4|3|0
[15:17:02][1938.07.01.01][effectbase.cpp:1799]: [15:17:02][1938.07.01.01][effectbase.cpp:1783]: HOI4_FACTORY_TRACKER| 1:00, 1 July, 1938|PER|10|8|0
[15:17:02][1938.07.01.01][effectbase.cpp:1799]: [15:17:02][1938.07.01.01][effectbase.cpp:1783]: HOI4_FACTORY_TRACKER| 1:00, 1 July, 1938|MAL|7|4|4
[15:17:02][1938.07.01.01][effectbase.cpp:1799]: [15:17:02][1938.07.01.01][effectbase.cpp:1783]: HOI4_FACTORY_TRACKER| 1:00, 1 July, 1938|INS|11|5|2
[15:17:02][1938.07.01.01][effectbase.cpp:1799]: [15:17:02][1938.07.01.01][effectbase.cpp:1783]: HOI4_FACTORY_TRACKER| 1:00, 1 July, 1938|AFA|0|0|0
[15:17:02][1938.07.01.01][effectbase.cpp:1799]: [15:17:25][1938.08.01.01][effectbase.cpp:1783]: HOI4_FACTORY_TRACKER| 1:00, 1 August, 1938|ADT|213|85|49
[15:17:25][1938.08.01.01][effectbase.cpp:1799]: [15:17:25][1938.08.01.01][effectbase.cpp:1783]: HOI4_FACTORY_TRACKER| 1:00, 1 August, 1938|SWE|33|11|4
[15:17:25][1938.08.01.01][effectbase.cpp:1799]: [15:17:25][1938.08.01.01][effectbase.cpp:1783]: HOI4_FACTORY_TRACKER| 1:00, 1 August, 1938|LUX|4|2|0
[15:17:25][1938.08.01.01][effectbase.cpp:1799]: [15:17:25][1938.08.01.01][effectbase.cpp:1783]: HOI4_FACTORY_TRACKER| 1:00, 1 August, 1938|BEL|22|8|0
[15:17:25][1938.08.01.01][effectbase.cpp:1799]: [15:17:25][1938.08.01.01][effectbase.cpp:1783]: HOI4_FACTORY_TRACKER| 1:00, 1 August, 1938|HOL|16|7|4
[15:17:25][1938.08.01.01][effectbase.cpp:1799]: [15:17:25][1938.08.01.01][effectbase.cpp:1783]: HOI4_FACTORY_TRACKER| 1:00, 1 August, 1938|CZE|23|14|0
[15:17:25][1938.08.01.01][effectbase.cpp:1799]: [15:17:25][1938.08.01.01][effectbase.cpp:1783]: HOI4_FACTORY_TRACKER| 1:00, 1 August, 1938|POL|26|14|6
[15:17:25][1938.08.01.01][effectbase.cpp:1799]: [15:17:25][1938.08.01.01][effectbase.cpp:1783]: HOI4_FACTORY_TRACKER| 1:00, 1 August, 1938|AUS|29|12|0
[15:17:25][1938.08.01.01][effectbase.cpp:1799]: [15:17:25][1938.08.01.01][effectbase.cpp:1783]: HOI4_FACTORY_TRACKER| 1:00, 1 August, 1938|LIT|6|2|0
[15:17:25][1938.08.01.01][effectbase.cpp:1799]: [15:17:25][1938.08.01.01][effectbase.cpp:1783]: HOI4_FACTORY_TRACKER| 1:00, 1 August, 1938|EST|15|6|0
[15:17:25][1938.08.01.01][effectbase.cpp:1799]: [15:17:25][1938.08.01.01][effectbase.cpp:1783]: HOI4_FACTORY_TRACKER| 1:00, 1 August, 1938|LAT|15|4|1
[15:17:25][1938.08.01.01][effectbase.cpp:1799]: [15:17:25][1938.08.01.01][effectbase.cpp:1783]: HOI4_FACTORY_TRACKER| 1:00, 1 August, 1938|ROM|15|7|4
[15:17:25][1938.08.01.01][effectbase.cpp:1799]: [15:17:25][1938.08.01.01][effectbase.cpp:1783]: HOI4_FACTORY_TRACKER| 1:00, 1 August, 1938|YUG|23|5|3
[15:17:25][1938.08.01.01][effectbase.cpp:1799]: [15:17:25][1938.08.01.01][effectbase.cpp:1783]: HOI4_FACTORY_TRACKER| 1:00, 1 August, 1938|SWI|11|6|0
[15:17:25][1938.08.01.01][effectbase.cpp:1799]: [15:17:25][1938.08.01.01][effectbase.cpp:1783]: HOI4_FACTORY_TRACKER| 1:00, 1 August, 1938|GRE|11|4|5
[15:17:25][1938.08.01.01][effectbase.cpp:1799]: [15:17:25][1938.08.01.01][effectbase.cpp:1783]: HOI4_FACTORY_TRACKER| 1:00, 1 August, 1938|ALB|6|4|0
[15:17:25][1938.08.01.01][effectbase.cpp:1799]: [15:17:25][1938.08.01.01][effectbase.cpp:1783]: HOI4_FACTORY_TRACKER| 1:00, 1 August, 1938|NOR|19|7|2
[15:17:25][1938.08.01.01][effectbase.cpp:1799]: [15:17:25][1938.08.01.01][effectbase.cpp:1783]: HOI4_FACTORY_TRACKER| 1:00, 1 August, 1938|DEN|16|3|3
[15:17:25][1938.08.01.01][effectbase.cpp:1799]: [15:17:25][1938.08.01.01][effectbase.cpp:1783]: HOI4_FACTORY_TRACKER| 1:00, 1 August, 1938|BUL|26|7|0
[15:17:25][1938.08.01.01][effectbase.cpp:1799]: [15:17:25][1938.08.01.01][effectbase.cpp:1783]: HOI4_FACTORY_TRACKER| 1:00, 1 August, 1938|POR|14|3|10
[15:17:25][1938.08.01.01][effectbase.cpp:1799]: [15:17:25][1938.08.01.01][effectbase.cpp:1783]: HOI4_FACTORY_TRACKER| 1:00, 1 August, 1938|IRE|18|4|0
[15:17:25][1938.08.01.01][effectbase.cpp:1799]: [15:17:25][1938.08.01.01][effectbase.cpp:1783]: HOI4_FACTORY_TRACKER| 1:00, 1 August, 1938|HUN|20|11|0
[15:17:25][1938.08.01.01][effectbase.cpp:1799]: [15:17:25][1938.08.01.01][effectbase.cpp:1783]: HOI4_FACTORY_TRACKER| 1:00, 1 August, 1938|ETH|4|3|0
[15:17:25][1938.08.01.01][effectbase.cpp:1799]: [15:17:25][1938.08.01.01][effectbase.cpp:1783]: HOI4_FACTORY_TRACKER| 1:00, 1 August, 1938|PER|10|8|0
[15:17:25][1938.08.01.01][effectbase.cpp:1799]: [15:17:25][1938.08.01.01][effectbase.cpp:1783]: HOI4_FACTORY_TRACKER| 1:00, 1 August, 1938|MAL|7|4|4
[15:17:25][1938.08.01.01][effectbase.cpp:1799]: [15:17:25][1938.08.01.01][effectbase.cpp:1783]: HOI4_FACTORY_TRACKER| 1:00, 1 August, 1938|INS|12|5|2
[15:17:25][1938.08.01.01][effectbase.cpp:1799]: [15:17:25][1938.08.01.01][effectbase.cpp:1783]: HOI4_FACTORY_TRACKER| 1:00, 1 August, 1938|AFA|0|0|0
[15:17:25][1938.08.01.01][effectbase.cpp:1799]: [15:17:48][1938.09.01.01][effectbase.cpp:1783]: HOI4_FACTORY_TRACKER| 1:00, 1 September, 1938|ADT|214|86|49
[15:17:48][1938.09.01.01][effectbase.cpp:1799]: [15:17:48][1938.09.01.01][effectbase.cpp:1783]: HOI4_FACTORY_TRACKER| 1:00, 1 September, 1938|SWE|33|11|4
[15:17:48][1938.09.01.01][effectbase.cpp:1799]: [15:17:48][1938.09.01.01][effectbase.cpp:1783]: HOI4_FACTORY_TRACKER| 1:00, 1 September, 1938|LUX|3|2|0
[15:17:48][1938.09.01.01][effectbase.cpp:1799]: [15:17:48][1938.09.01.01][effectbase.cpp:1783]: HOI4_FACTORY_TRACKER| 1:00, 1 September, 1938|BEL|22|8|0
[15:17:48][1938.09.01.01][effectbase.cpp:1799]: [15:17:48][1938.09.01.01][effectbase.cpp:1783]: HOI4_FACTORY_TRACKER| 1:00, 1 September, 1938|HOL|17|7|4
[15:17:48][1938.09.01.01][effectbase.cpp:1799]: [15:17:48][1938.09.01.01][effectbase.cpp:1783]: HOI4_FACTORY_TRACKER| 1:00, 1 September, 1938|CZE|24|14|0
[15:17:48][1938.09.01.01][effectbase.cpp:1799]: [15:17:48][1938.09.01.01][effectbase.cpp:1783]: HOI4_FACTORY_TRACKER| 1:00, 1 September, 1938|POL|26|14|6
[15:17:48][1938.09.01.01][effectbase.cpp:1799]: [15:17:48][1938.09.01.01][effectbase.cpp:1783]: HOI4_FACTORY_TRACKER| 1:00, 1 September, 1938|AUS|29|13|0
[15:17:48][1938.09.01.01][effectbase.cpp:1799]: [15:17:48][1938.09.01.01][effectbase.cpp:1783]: HOI4_FACTORY_TRACKER| 1:00, 1 September, 1938|LIT|6|2|0
[15:17:48][1938.09.01.01][effectbase.cpp:1799]: [15:17:48][1938.09.01.01][effectbase.cpp:1783]: HOI4_FACTORY_TRACKER| 1:00, 1 September, 1938|EST|15|6|0
[15:17:48][1938.09.01.01][effectbase.cpp:1799]: [15:17:48][1938.09.01.01][effectbase.cpp:1783]: HOI4_FACTORY_TRACKER| 1:00, 1 September, 1938|LAT|15|4|1
[15:17:48][1938.09.01.01][effectbase.cpp:1799]: [15:17:48][1938.09.01.01][effectbase.cpp:1783]: HOI4_FACTORY_TRACKER| 1:00, 1 September, 1938|ROM|15|7|4
[15:17:48][1938.09.01.01][effectbase.cpp:1799]: [15:17:48][1938.09.01.01][effectbase.cpp:1783]: HOI4_FACTORY_TRACKER| 1:00, 1 September, 1938|YUG|23|5|3
[15:17:48][1938.09.01.01][effectbase.cpp:1799]: [15:17:48][1938.09.01.01][effectbase.cpp:1783]: HOI4_FACTORY_TRACKER| 1:00, 1 September, 1938|SWI|11|6|0
[15:17:48][1938.09.01.01][effectbase.cpp:1799]: [15:17:48][1938.09.01.01][effectbase.cpp:1783]: HOI4_FACTORY_TRACKER| 1:00, 1 September, 1938|GRE|11|4|5
[15:17:48][1938.09.01.01][effectbase.cpp:1799]: [15:17:48][1938.09.01.01][effectbase.cpp:1783]: HOI4_FACTORY_TRACKER| 1:00, 1 September, 1938|ALB|6|4|0
[15:17:48][1938.09.01.01][effectbase.cpp:1799]: [15:17:48][1938.09.01.01][effectbase.cpp:1783]: HOI4_FACTORY_TRACKER| 1:00, 1 September, 1938|NOR|20|7|2
[15:17:48][1938.09.01.01][effectbase.cpp:1799]: [15:17:48][1938.09.01.01][effectbase.cpp:1783]: HOI4_FACTORY_TRACKER| 1:00, 1 September, 1938|DEN|16|3|3
[15:17:48][1938.09.01.01][effectbase.cpp:1799]: [15:17:48][1938.09.01.01][effectbase.cpp:1783]: HOI4_FACTORY_TRACKER| 1:00, 1 September, 1938|BUL|27|7|0
[15:17:48][1938.09.01.01][effectbase.cpp:1799]: [15:17:48][1938.09.01.01][effectbase.cpp:1783]: HOI4_FACTORY_TRACKER| 1:00, 1 September, 1938|POR|14|3|10
[15:17:48][1938.09.01.01][effectbase.cpp:1799]: [15:17:48][1938.09.01.01][effectbase.cpp:1783]: HOI4_FACTORY_TRACKER| 1:00, 1 September, 1938|IRE|18|4|0
[15:17:48][1938.09.01.01][effectbase.cpp:1799]: [15:17:48][1938.09.01.01][effectbase.cpp:1783]: HOI4_FACTORY_TRACKER| 1:00, 1 September, 1938|HUN|20|14|0
[15:17:48][1938.09.01.01][effectbase.cpp:1799]: [15:17:48][1938.09.01.01][effectbase.cpp:1783]: HOI4_FACTORY_TRACKER| 1:00, 1 September, 1938|ETH|4|3|0
[15:17:48][1938.09.01.01][effectbase.cpp:1799]: [15:17:48][1938.09.01.01][effectbase.cpp:1783]: HOI4_FACTORY_TRACKER| 1:00, 1 September, 1938|PER|10|8|0
[15:17:48][1938.09.01.01][effectbase.cpp:1799]: [15:17:48][1938.09.01.01][effectbase.cpp:1783]: HOI4_FACTORY_TRACKER| 1:00, 1 September, 1938|MAL|7|4|4
[15:17:48][1938.09.01.01][effectbase.cpp:1799]: [15:17:48][1938.09.01.01][effectbase.cpp:1783]: HOI4_FACTORY_TRACKER| 1:00, 1 September, 1938|INS|12|5|2
[15:17:48][1938.09.01.01][effectbase.cpp:1799]: [15:17:48][1938.09.01.01][effectbase.cpp:1783]: HOI4_FACTORY_TRACKER| 1:00, 1 September, 1938|AFA|0|0|0
[15:17:48][1938.09.01.01][effectbase.cpp:1799]: [15:18:00][1938.09.16.22][effectbase.cpp:1783]: Fully cantons activated
[15:18:00][1938.09.16.22][effectbase.cpp:1799]: [15:18:05][1938.09.23.19][effectbase.cpp:1783]: random 2: Industry 
[15:18:05][1938.09.23.19][effectbase.cpp:1799]: [15:18:11][1938.10.01.01][effectbase.cpp:1783]: HOI4_FACTORY_TRACKER| 1:00, 1 October, 1938|ADT|219|87|49
[15:18:11][1938.10.01.01][effectbase.cpp:1799]: [15:18:11][1938.10.01.01][effectbase.cpp:1783]: HOI4_FACTORY_TRACKER| 1:00, 1 October, 1938|SWE|33|11|4
[15:18:11][1938.10.01.01][effectbase.cpp:1799]: [15:18:11][1938.10.01.01][effectbase.cpp:1783]: HOI4_FACTORY_TRACKER| 1:00, 1 October, 1938|LUX|4|2|0
[15:18:11][1938.10.01.01][effectbase.cpp:1799]: [15:18:11][1938.10.01.01][effectbase.cpp:1783]: HOI4_FACTORY_TRACKER| 1:00, 1 October, 1938|BEL|22|8|0
[15:18:11][1938.10.01.01][effectbase.cpp:1799]: [15:18:11][1938.10.01.01][effectbase.cpp:1783]: HOI4_FACTORY_TRACKER| 1:00, 1 October, 1938|HOL|17|7|4
[15:18:11][1938.10.01.01][effectbase.cpp:1799]: [15:18:11][1938.10.01.01][effectbase.cpp:1783]: HOI4_FACTORY_TRACKER| 1:00, 1 October, 1938|CZE|24|14|0
[15:18:11][1938.10.01.01][effectbase.cpp:1799]: [15:18:11][1938.10.01.01][effectbase.cpp:1783]: HOI4_FACTORY_TRACKER| 1:00, 1 October, 1938|POL|26|15|6
[15:18:11][1938.10.01.01][effectbase.cpp:1799]: [15:18:11][1938.10.01.01][effectbase.cpp:1783]: HOI4_FACTORY_TRACKER| 1:00, 1 October, 1938|AUS|26|13|0
[15:18:11][1938.10.01.01][effectbase.cpp:1799]: [15:18:11][1938.10.01.01][effectbase.cpp:1783]: HOI4_FACTORY_TRACKER| 1:00, 1 October, 1938|LIT|6|2|0
[15:18:11][1938.10.01.01][effectbase.cpp:1799]: [15:18:11][1938.10.01.01][effectbase.cpp:1783]: HOI4_FACTORY_TRACKER| 1:00, 1 October, 1938|EST|15|6|0
[15:18:11][1938.10.01.01][effectbase.cpp:1799]: [15:18:11][1938.10.01.01][effectbase.cpp:1783]: HOI4_FACTORY_TRACKER| 1:00, 1 October, 1938|LAT|16|4|1
[15:18:11][1938.10.01.01][effectbase.cpp:1799]: [15:18:11][1938.10.01.01][effectbase.cpp:1783]: HOI4_FACTORY_TRACKER| 1:00, 1 October, 1938|ROM|18|7|4
[15:18:11][1938.10.01.01][effectbase.cpp:1799]: [15:18:11][1938.10.01.01][effectbase.cpp:1783]: HOI4_FACTORY_TRACKER| 1:00, 1 October, 1938|YUG|24|5|3
[15:18:11][1938.10.01.01][effectbase.cpp:1799]: [15:18:11][1938.10.01.01][effectbase.cpp:1783]: HOI4_FACTORY_TRACKER| 1:00, 1 October, 1938|SWI|14|6|0
[15:18:11][1938.10.01.01][effectbase.cpp:1799]: [15:18:11][1938.10.01.01][effectbase.cpp:1783]: HOI4_FACTORY_TRACKER| 1:00, 1 October, 1938|GRE|11|5|5
[15:18:11][1938.10.01.01][effectbase.cpp:1799]: [15:18:11][1938.10.01.01][effectbase.cpp:1783]: HOI4_FACTORY_TRACKER| 1:00, 1 October, 1938|ALB|6|4|0
[15:18:11][1938.10.01.01][effectbase.cpp:1799]: [15:18:11][1938.10.01.01][effectbase.cpp:1783]: HOI4_FACTORY_TRACKER| 1:00, 1 October, 1938|NOR|20|7|4
[15:18:11][1938.10.01.01][effectbase.cpp:1799]: [15:18:11][1938.10.01.01][effectbase.cpp:1783]: HOI4_FACTORY_TRACKER| 1:00, 1 October, 1938|DEN|17|4|3
[15:18:11][1938.10.01.01][effectbase.cpp:1799]: [15:18:11][1938.10.01.01][effectbase.cpp:1783]: HOI4_FACTORY_TRACKER| 1:00, 1 October, 1938|BUL|28|7|0
[15:18:11][1938.10.01.01][effectbase.cpp:1799]: [15:18:11][1938.10.01.01][effectbase.cpp:1783]: HOI4_FACTORY_TRACKER| 1:00, 1 October, 1938|POR|14|4|10
[15:18:11][1938.10.01.01][effectbase.cpp:1799]: [15:18:11][1938.10.01.01][effectbase.cpp:1783]: HOI4_FACTORY_TRACKER| 1:00, 1 October, 1938|IRE|18|4|0
[15:18:11][1938.10.01.01][effectbase.cpp:1799]: [15:18:11][1938.10.01.01][effectbase.cpp:1783]: HOI4_FACTORY_TRACKER| 1:00, 1 October, 1938|HUN|21|16|0
[15:18:11][1938.10.01.01][effectbase.cpp:1799]: [15:18:11][1938.10.01.01][effectbase.cpp:1783]: HOI4_FACTORY_TRACKER| 1:00, 1 October, 1938|ETH|4|3|0
[15:18:11][1938.10.01.01][effectbase.cpp:1799]: [15:18:11][1938.10.01.01][effectbase.cpp:1783]: HOI4_FACTORY_TRACKER| 1:00, 1 October, 1938|PER|10|8|0
[15:18:11][1938.10.01.01][effectbase.cpp:1799]: [15:18:11][1938.10.01.01][effectbase.cpp:1783]: HOI4_FACTORY_TRACKER| 1:00, 1 October, 1938|MAL|7|5|4
[15:18:11][1938.10.01.01][effectbase.cpp:1799]: [15:18:11][1938.10.01.01][effectbase.cpp:1783]: HOI4_FACTORY_TRACKER| 1:00, 1 October, 1938|INS|12|5|2
[15:18:11][1938.10.01.01][effectbase.cpp:1799]: [15:18:11][1938.10.01.01][effectbase.cpp:1783]: HOI4_FACTORY_TRACKER| 1:00, 1 October, 1938|AFA|0|0|0
[15:18:11][1938.10.01.01][effectbase.cpp:1799]: [15:18:34][1938.11.01.01][effectbase.cpp:1783]: HOI4_FACTORY_TRACKER| 1:00, 1 November, 1938|ADT|220|87|50
[15:18:34][1938.11.01.01][effectbase.cpp:1799]: [15:18:34][1938.11.01.01][effectbase.cpp:1783]: HOI4_FACTORY_TRACKER| 1:00, 1 November, 1938|SWE|33|12|4
[15:18:34][1938.11.01.01][effectbase.cpp:1799]: [15:18:34][1938.11.01.01][effectbase.cpp:1783]: HOI4_FACTORY_TRACKER| 1:00, 1 November, 1938|LUX|4|2|0
[15:18:34][1938.11.01.01][effectbase.cpp:1799]: [15:18:34][1938.11.01.01][effectbase.cpp:1783]: HOI4_FACTORY_TRACKER| 1:00, 1 November, 1938|BEL|23|8|0
[15:18:34][1938.11.01.01][effectbase.cpp:1799]: [15:18:34][1938.11.01.01][effectbase.cpp:1783]: HOI4_FACTORY_TRACKER| 1:00, 1 November, 1938|HOL|16|7|4
[15:18:34][1938.11.01.01][effectbase.cpp:1799]: [15:18:34][1938.11.01.01][effectbase.cpp:1783]: HOI4_FACTORY_TRACKER| 1:00, 1 November, 1938|CZE|24|15|0
[15:18:34][1938.11.01.01][effectbase.cpp:1799]: [15:18:34][1938.11.01.01][effectbase.cpp:1783]: HOI4_FACTORY_TRACKER| 1:00, 1 November, 1938|POL|26|16|6
[15:18:34][1938.11.01.01][effectbase.cpp:1799]: [15:18:34][1938.11.01.01][effectbase.cpp:1783]: HOI4_FACTORY_TRACKER| 1:00, 1 November, 1938|AUS|31|14|0
[15:18:34][1938.11.01.01][effectbase.cpp:1799]: [15:18:34][1938.11.01.01][effectbase.cpp:1783]: HOI4_FACTORY_TRACKER| 1:00, 1 November, 1938|LIT|6|2|0
[15:18:34][1938.11.01.01][effectbase.cpp:1799]: [15:18:34][1938.11.01.01][effectbase.cpp:1783]: HOI4_FACTORY_TRACKER| 1:00, 1 November, 1938|EST|15|7|0
[15:18:34][1938.11.01.01][effectbase.cpp:1799]: [15:18:34][1938.11.01.01][effectbase.cpp:1783]: HOI4_FACTORY_TRACKER| 1:00, 1 November, 1938|LAT|16|4|1
[15:18:34][1938.11.01.01][effectbase.cpp:1799]: [15:18:34][1938.11.01.01][effectbase.cpp:1783]: HOI4_FACTORY_TRACKER| 1:00, 1 November, 1938|ROM|18|7|4
[15:18:34][1938.11.01.01][effectbase.cpp:1799]: [15:18:34][1938.11.01.01][effectbase.cpp:1783]: HOI4_FACTORY_TRACKER| 1:00, 1 November, 1938|YUG|24|5|3
[15:18:34][1938.11.01.01][effectbase.cpp:1799]: [15:18:34][1938.11.01.01][effectbase.cpp:1783]: HOI4_FACTORY_TRACKER| 1:00, 1 November, 1938|SWI|15|6|0
[15:18:34][1938.11.01.01][effectbase.cpp:1799]: [15:18:34][1938.11.01.01][effectbase.cpp:1783]: HOI4_FACTORY_TRACKER| 1:00, 1 November, 1938|GRE|12|5|5
[15:18:34][1938.11.01.01][effectbase.cpp:1799]: [15:18:34][1938.11.01.01][effectbase.cpp:1783]: HOI4_FACTORY_TRACKER| 1:00, 1 November, 1938|ALB|7|4|0
[15:18:34][1938.11.01.01][effectbase.cpp:1799]: [15:18:34][1938.11.01.01][effectbase.cpp:1783]: HOI4_FACTORY_TRACKER| 1:00, 1 November, 1938|NOR|20|8|4
[15:18:34][1938.11.01.01][effectbase.cpp:1799]: [15:18:34][1938.11.01.01][effectbase.cpp:1783]: HOI4_FACTORY_TRACKER| 1:00, 1 November, 1938|DEN|17|4|3
[15:18:34][1938.11.01.01][effectbase.cpp:1799]: [15:18:34][1938.11.01.01][effectbase.cpp:1783]: HOI4_FACTORY_TRACKER| 1:00, 1 November, 1938|BUL|28|9|0
[15:18:34][1938.11.01.01][effectbase.cpp:1799]: [15:18:34][1938.11.01.01][effectbase.cpp:1783]: HOI4_FACTORY_TRACKER| 1:00, 1 November, 1938|POR|14|4|10
[15:18:34][1938.11.01.01][effectbase.cpp:1799]: [15:18:34][1938.11.01.01][effectbase.cpp:1783]: HOI4_FACTORY_TRACKER| 1:00, 1 November, 1938|IRE|18|4|0
[15:18:34][1938.11.01.01][effectbase.cpp:1799]: [15:18:34][1938.11.01.01][effectbase.cpp:1783]: HOI4_FACTORY_TRACKER| 1:00, 1 November, 1938|HUN|21|16|0
[15:18:34][1938.11.01.01][effectbase.cpp:1799]: [15:18:34][1938.11.01.01][effectbase.cpp:1783]: HOI4_FACTORY_TRACKER| 1:00, 1 November, 1938|ETH|4|3|0
[15:18:34][1938.11.01.01][effectbase.cpp:1799]: [15:18:34][1938.11.01.01][effectbase.cpp:1783]: HOI4_FACTORY_TRACKER| 1:00, 1 November, 1938|PER|10|8|0
[15:18:34][1938.11.01.01][effectbase.cpp:1799]: [15:18:34][1938.11.01.01][effectbase.cpp:1783]: HOI4_FACTORY_TRACKER| 1:00, 1 November, 1938|MAL|7|5|4
[15:18:34][1938.11.01.01][effectbase.cpp:1799]: [15:18:34][1938.11.01.01][effectbase.cpp:1783]: HOI4_FACTORY_TRACKER| 1:00, 1 November, 1938|INS|12|5|2
[15:18:34][1938.11.01.01][effectbase.cpp:1799]: [15:18:34][1938.11.01.01][effectbase.cpp:1783]: HOI4_FACTORY_TRACKER| 1:00, 1 November, 1938|AFA|0|0|0
[15:18:34][1938.11.01.01][effectbase.cpp:1799]: [15:18:41][1938.11.10.10][effectbase.cpp:1783]: random event 1
[15:18:41][1938.11.10.10][effectbase.cpp:1799]: [15:18:56][1938.12.01.01][effectbase.cpp:1783]: HOI4_FACTORY_TRACKER| 1:00, 1 December, 1938|ADT|221|88|50
[15:18:56][1938.12.01.01][effectbase.cpp:1799]: [15:18:56][1938.12.01.01][effectbase.cpp:1783]: HOI4_FACTORY_TRACKER| 1:00, 1 December, 1938|SWE|32|12|4
[15:18:56][1938.12.01.01][effectbase.cpp:1799]: [15:18:56][1938.12.01.01][effectbase.cpp:1783]: HOI4_FACTORY_TRACKER| 1:00, 1 December, 1938|LUX|4|2|0
[15:18:56][1938.12.01.01][effectbase.cpp:1799]: [15:18:56][1938.12.01.01][effectbase.cpp:1783]: HOI4_FACTORY_TRACKER| 1:00, 1 December, 1938|BEL|23|9|0
[15:18:56][1938.12.01.01][effectbase.cpp:1799]: [15:18:56][1938.12.01.01][effectbase.cpp:1783]: HOI4_FACTORY_TRACKER| 1:00, 1 December, 1938|HOL|17|8|4
[15:18:56][1938.12.01.01][effectbase.cpp:1799]: [15:18:56][1938.12.01.01][effectbase.cpp:1783]: HOI4_FACTORY_TRACKER| 1:00, 1 December, 1938|CZE|24|15|0
[15:18:56][1938.12.01.01][effectbase.cpp:1799]: [15:18:56][1938.12.01.01][effectbase.cpp:1783]: HOI4_FACTORY_TRACKER| 1:00, 1 December, 1938|POL|26|16|8
[15:18:56][1938.12.01.01][effectbase.cpp:1799]: [15:18:56][1938.12.01.01][effectbase.cpp:1783]: HOI4_FACTORY_TRACKER| 1:00, 1 December, 1938|AUS|31|14|0
[15:18:56][1938.12.01.01][effectbase.cpp:1799]: [15:18:56][1938.12.01.01][effectbase.cpp:1783]: HOI4_FACTORY_TRACKER| 1:00, 1 December, 1938|LIT|6|2|0
[15:18:56][1938.12.01.01][effectbase.cpp:1799]: [15:18:56][1938.12.01.01][effectbase.cpp:1783]: HOI4_FACTORY_TRACKER| 1:00, 1 December, 1938|EST|16|7|0
[15:18:56][1938.12.01.01][effectbase.cpp:1799]: [15:18:56][1938.12.01.01][effectbase.cpp:1783]: HOI4_FACTORY_TRACKER| 1:00, 1 December, 1938|LAT|16|4|1
[15:18:56][1938.12.01.01][effectbase.cpp:1799]: [15:18:56][1938.12.01.01][effectbase.cpp:1783]: HOI4_FACTORY_TRACKER| 1:00, 1 December, 1938|ROM|19|8|4
[15:18:56][1938.12.01.01][effectbase.cpp:1799]: [15:18:56][1938.12.01.01][effectbase.cpp:1783]: HOI4_FACTORY_TRACKER| 1:00, 1 December, 1938|YUG|24|6|3
[15:18:56][1938.12.01.01][effectbase.cpp:1799]: [15:18:56][1938.12.01.01][effectbase.cpp:1783]: HOI4_FACTORY_TRACKER| 1:00, 1 December, 1938|SWI|11|6|0
[15:18:56][1938.12.01.01][effectbase.cpp:1799]: [15:18:56][1938.12.01.01][effectbase.cpp:1783]: HOI4_FACTORY_TRACKER| 1:00, 1 December, 1938|GRE|11|5|5
[15:18:56][1938.12.01.01][effectbase.cpp:1799]: [15:18:56][1938.12.01.01][effectbase.cpp:1783]: HOI4_FACTORY_TRACKER| 1:00, 1 December, 1938|ALB|7|4|0
[15:18:56][1938.12.01.01][effectbase.cpp:1799]: [15:18:56][1938.12.01.01][effectbase.cpp:1783]: HOI4_FACTORY_TRACKER| 1:00, 1 December, 1938|NOR|20|8|4
[15:18:56][1938.12.01.01][effectbase.cpp:1799]: [15:18:56][1938.12.01.01][effectbase.cpp:1783]: HOI4_FACTORY_TRACKER| 1:00, 1 December, 1938|DEN|18|4|3
[15:18:56][1938.12.01.01][effectbase.cpp:1799]: [15:18:56][1938.12.01.01][effectbase.cpp:1783]: HOI4_FACTORY_TRACKER| 1:00, 1 December, 1938|BUL|29|9|0
[15:18:56][1938.12.01.01][effectbase.cpp:1799]: [15:18:56][1938.12.01.01][effectbase.cpp:1783]: HOI4_FACTORY_TRACKER| 1:00, 1 December, 1938|POR|14|5|10
[15:18:56][1938.12.01.01][effectbase.cpp:1799]: [15:18:56][1938.12.01.01][effectbase.cpp:1783]: HOI4_FACTORY_TRACKER| 1:00, 1 December, 1938|IRE|18|5|0
[15:18:56][1938.12.01.01][effectbase.cpp:1799]: [15:18:56][1938.12.01.01][effectbase.cpp:1783]: HOI4_FACTORY_TRACKER| 1:00, 1 December, 1938|HUN|23|17|0
[15:18:56][1938.12.01.01][effectbase.cpp:1799]: [15:18:56][1938.12.01.01][effectbase.cpp:1783]: HOI4_FACTORY_TRACKER| 1:00, 1 December, 1938|ETH|4|3|0
[15:18:56][1938.12.01.01][effectbase.cpp:1799]: [15:18:56][1938.12.01.01][effectbase.cpp:1783]: HOI4_FACTORY_TRACKER| 1:00, 1 December, 1938|PER|11|8|0
[15:18:56][1938.12.01.01][effectbase.cpp:1799]: [15:18:56][1938.12.01.01][effectbase.cpp:1783]: HOI4_FACTORY_TRACKER| 1:00, 1 December, 1938|MAL|7|5|4
[15:18:56][1938.12.01.01][effectbase.cpp:1799]: [15:18:56][1938.12.01.01][effectbase.cpp:1783]: HOI4_FACTORY_TRACKER| 1:00, 1 December, 1938|INS|12|5|2
[15:18:56][1938.12.01.01][effectbase.cpp:1799]: [15:18:56][1938.12.01.01][effectbase.cpp:1783]: HOI4_FACTORY_TRACKER| 1:00, 1 December, 1938|AFA|0|0|0
[15:18:56][1938.12.01.01][effectbase.cpp:1799]: [15:19:19][1939.01.01.01][effectbase.cpp:1783]: HOI4_FACTORY_TRACKER| 1:00, 1 January, 1939|ADT|222|89|51
[15:19:19][1939.01.01.01][effectbase.cpp:1799]: [15:19:19][1939.01.01.01][effectbase.cpp:1783]: HOI4_FACTORY_TRACKER| 1:00, 1 January, 1939|SWE|31|13|4
[15:19:19][1939.01.01.01][effectbase.cpp:1799]: [15:19:19][1939.01.01.01][effectbase.cpp:1783]: HOI4_FACTORY_TRACKER| 1:00, 1 January, 1939|LUX|4|2|0
[15:19:19][1939.01.01.01][effectbase.cpp:1799]: [15:19:19][1939.01.01.01][effectbase.cpp:1783]: HOI4_FACTORY_TRACKER| 1:00, 1 January, 1939|BEL|23|9|0
[15:19:19][1939.01.01.01][effectbase.cpp:1799]: [15:19:19][1939.01.01.01][effectbase.cpp:1783]: HOI4_FACTORY_TRACKER| 1:00, 1 January, 1939|HOL|18|8|4
[15:19:19][1939.01.01.01][effectbase.cpp:1799]: [15:19:19][1939.01.01.01][effectbase.cpp:1783]: HOI4_FACTORY_TRACKER| 1:00, 1 January, 1939|CZE|25|15|0
[15:19:19][1939.01.01.01][effectbase.cpp:1799]: [15:19:19][1939.01.01.01][effectbase.cpp:1783]: HOI4_FACTORY_TRACKER| 1:00, 1 January, 1939|POL|26|17|8
[15:19:19][1939.01.01.01][effectbase.cpp:1799]: [15:19:19][1939.01.01.01][effectbase.cpp:1783]: HOI4_FACTORY_TRACKER| 1:00, 1 January, 1939|AUS|28|15|0
[15:19:19][1939.01.01.01][effectbase.cpp:1799]: [15:19:19][1939.01.01.01][effectbase.cpp:1783]: HOI4_FACTORY_TRACKER| 1:00, 1 January, 1939|LIT|6|2|0
[15:19:19][1939.01.01.01][effectbase.cpp:1799]: [15:19:19][1939.01.01.01][effectbase.cpp:1783]: HOI4_FACTORY_TRACKER| 1:00, 1 January, 1939|EST|18|9|0
[15:19:19][1939.01.01.01][effectbase.cpp:1799]: [15:19:19][1939.01.01.01][effectbase.cpp:1783]: HOI4_FACTORY_TRACKER| 1:00, 1 January, 1939|LAT|16|4|1
[15:19:19][1939.01.01.01][effectbase.cpp:1799]: [15:19:19][1939.01.01.01][effectbase.cpp:1783]: HOI4_FACTORY_TRACKER| 1:00, 1 January, 1939|ROM|21|8|4
[15:19:19][1939.01.01.01][effectbase.cpp:1799]: [15:19:19][1939.01.01.01][effectbase.cpp:1783]: HOI4_FACTORY_TRACKER| 1:00, 1 January, 1939|YUG|25|6|3
[15:19:19][1939.01.01.01][effectbase.cpp:1799]: [15:19:19][1939.01.01.01][effectbase.cpp:1783]: HOI4_FACTORY_TRACKER| 1:00, 1 January, 1939|SWI|14|8|0
[15:19:19][1939.01.01.01][effectbase.cpp:1799]: [15:19:19][1939.01.01.01][effectbase.cpp:1783]: HOI4_FACTORY_TRACKER| 1:00, 1 January, 1939|GRE|12|5|5
[15:19:19][1939.01.01.01][effectbase.cpp:1799]: [15:19:19][1939.01.01.01][effectbase.cpp:1783]: HOI4_FACTORY_TRACKER| 1:00, 1 January, 1939|ALB|7|4|0
[15:19:19][1939.01.01.01][effectbase.cpp:1799]: [15:19:19][1939.01.01.01][effectbase.cpp:1783]: HOI4_FACTORY_TRACKER| 1:00, 1 January, 1939|NOR|20|8|4
[15:19:19][1939.01.01.01][effectbase.cpp:1799]: [15:19:19][1939.01.01.01][effectbase.cpp:1783]: HOI4_FACTORY_TRACKER| 1:00, 1 January, 1939|DEN|19|4|3
[15:19:19][1939.01.01.01][effectbase.cpp:1799]: [15:19:19][1939.01.01.01][effectbase.cpp:1783]: HOI4_FACTORY_TRACKER| 1:00, 1 January, 1939|BUL|28|9|0
[15:19:19][1939.01.01.01][effectbase.cpp:1799]: [15:19:19][1939.01.01.01][effectbase.cpp:1783]: HOI4_FACTORY_TRACKER| 1:00, 1 January, 1939|POR|14|5|10
[15:19:19][1939.01.01.01][effectbase.cpp:1799]: [15:19:19][1939.01.01.01][effectbase.cpp:1783]: HOI4_FACTORY_TRACKER| 1:00, 1 January, 1939|IRE|18|5|0
[15:19:19][1939.01.01.01][effectbase.cpp:1799]: [15:19:19][1939.01.01.01][effectbase.cpp:1783]: HOI4_FACTORY_TRACKER| 1:00, 1 January, 1939|HUN|23|19|0
[15:19:19][1939.01.01.01][effectbase.cpp:1799]: [15:19:19][1939.01.01.01][effectbase.cpp:1783]: HOI4_FACTORY_TRACKER| 1:00, 1 January, 1939|ETH|5|3|0
[15:19:19][1939.01.01.01][effectbase.cpp:1799]: [15:19:19][1939.01.01.01][effectbase.cpp:1783]: HOI4_FACTORY_TRACKER| 1:00, 1 January, 1939|PER|11|8|0
[15:19:19][1939.01.01.01][effectbase.cpp:1799]: [15:19:19][1939.01.01.01][effectbase.cpp:1783]: HOI4_FACTORY_TRACKER| 1:00, 1 January, 1939|MAL|7|5|4
[15:19:19][1939.01.01.01][effectbase.cpp:1799]: [15:19:19][1939.01.01.01][effectbase.cpp:1783]: HOI4_FACTORY_TRACKER| 1:00, 1 January, 1939|INS|12|6|2
[15:19:19][1939.01.01.01][effectbase.cpp:1799]: [15:19:19][1939.01.01.01][effectbase.cpp:1783]: HOI4_FACTORY_TRACKER| 1:00, 1 January, 1939|AFA|0|0|0
[15:19:19][1939.01.01.01][effectbase.cpp:1799]: [15:19:42][1939.02.01.01][effectbase.cpp:1783]: HOI4_FACTORY_TRACKER| 1:00, 1 February, 1939|ADT|223|89|51
[15:19:42][1939.02.01.01][effectbase.cpp:1799]: [15:19:42][1939.02.01.01][effectbase.cpp:1783]: HOI4_FACTORY_TRACKER| 1:00, 1 February, 1939|SWE|31|13|4
[15:19:42][1939.02.01.01][effectbase.cpp:1799]: [15:19:42][1939.02.01.01][effectbase.cpp:1783]: HOI4_FACTORY_TRACKER| 1:00, 1 February, 1939|LUX|4|2|0
[15:19:42][1939.02.01.01][effectbase.cpp:1799]: [15:19:42][1939.02.01.01][effectbase.cpp:1783]: HOI4_FACTORY_TRACKER| 1:00, 1 February, 1939|BEL|23|9|0
[15:19:42][1939.02.01.01][effectbase.cpp:1799]: [15:19:42][1939.02.01.01][effectbase.cpp:1783]: HOI4_FACTORY_TRACKER| 1:00, 1 February, 1939|HOL|18|8|4
[15:19:42][1939.02.01.01][effectbase.cpp:1799]: [15:19:42][1939.02.01.01][effectbase.cpp:1783]: HOI4_FACTORY_TRACKER| 1:00, 1 February, 1939|CZE|25|16|0
[15:19:42][1939.02.01.01][effectbase.cpp:1799]: [15:19:42][1939.02.01.01][effectbase.cpp:1783]: HOI4_FACTORY_TRACKER| 1:00, 1 February, 1939|POL|27|18|8
[15:19:42][1939.02.01.01][effectbase.cpp:1799]: [15:19:42][1939.02.01.01][effectbase.cpp:1783]: HOI4_FACTORY_TRACKER| 1:00, 1 February, 1939|AUS|28|16|0
[15:19:42][1939.02.01.01][effectbase.cpp:1799]: [15:19:42][1939.02.01.01][effectbase.cpp:1783]: HOI4_FACTORY_TRACKER| 1:00, 1 February, 1939|LIT|6|2|0
[15:19:42][1939.02.01.01][effectbase.cpp:1799]: [15:19:42][1939.02.01.01][effectbase.cpp:1783]: HOI4_FACTORY_TRACKER| 1:00, 1 February, 1939|EST|18|9|0
[15:19:42][1939.02.01.01][effectbase.cpp:1799]: [15:19:42][1939.02.01.01][effectbase.cpp:1783]: HOI4_FACTORY_TRACKER| 1:00, 1 February, 1939|LAT|17|4|1
[15:19:42][1939.02.01.01][effectbase.cpp:1799]: [15:19:42][1939.02.01.01][effectbase.cpp:1783]: HOI4_FACTORY_TRACKER| 1:00, 1 February, 1939|ROM|21|8|4
[15:19:42][1939.02.01.01][effectbase.cpp:1799]: [15:19:42][1939.02.01.01][effectbase.cpp:1783]: HOI4_FACTORY_TRACKER| 1:00, 1 February, 1939|YUG|25|6|3
[15:19:42][1939.02.01.01][effectbase.cpp:1799]: [15:19:42][1939.02.01.01][effectbase.cpp:1783]: HOI4_FACTORY_TRACKER| 1:00, 1 February, 1939|SWI|14|9|0
[15:19:42][1939.02.01.01][effectbase.cpp:1799]: [15:19:42][1939.02.01.01][effectbase.cpp:1783]: HOI4_FACTORY_TRACKER| 1:00, 1 February, 1939|GRE|12|5|5
[15:19:42][1939.02.01.01][effectbase.cpp:1799]: [15:19:42][1939.02.01.01][effectbase.cpp:1783]: HOI4_FACTORY_TRACKER| 1:00, 1 February, 1939|ALB|7|4|0
[15:19:42][1939.02.01.01][effectbase.cpp:1799]: [15:19:42][1939.02.01.01][effectbase.cpp:1783]: HOI4_FACTORY_TRACKER| 1:00, 1 February, 1939|NOR|22|10|4
[15:19:42][1939.02.01.01][effectbase.cpp:1799]: [15:19:42][1939.02.01.01][effectbase.cpp:1783]: HOI4_FACTORY_TRACKER| 1:00, 1 February, 1939|DEN|19|4|3
[15:19:42][1939.02.01.01][effectbase.cpp:1799]: [15:19:42][1939.02.01.01][effectbase.cpp:1783]: HOI4_FACTORY_TRACKER| 1:00, 1 February, 1939|BUL|29|9|0
[15:19:42][1939.02.01.01][effectbase.cpp:1799]: [15:19:42][1939.02.01.01][effectbase.cpp:1783]: HOI4_FACTORY_TRACKER| 1:00, 1 February, 1939|POR|18|5|10
[15:19:42][1939.02.01.01][effectbase.cpp:1799]: [15:19:42][1939.02.01.01][effectbase.cpp:1783]: HOI4_FACTORY_TRACKER| 1:00, 1 February, 1939|IRE|18|5|0
[15:19:42][1939.02.01.01][effectbase.cpp:1799]: [15:19:42][1939.02.01.01][effectbase.cpp:1783]: HOI4_FACTORY_TRACKER| 1:00, 1 February, 1939|HUN|23|20|0
[15:19:42][1939.02.01.01][effectbase.cpp:1799]: [15:19:42][1939.02.01.01][effectbase.cpp:1783]: HOI4_FACTORY_TRACKER| 1:00, 1 February, 1939|ETH|5|3|0
[15:19:42][1939.02.01.01][effectbase.cpp:1799]: [15:19:42][1939.02.01.01][effectbase.cpp:1783]: HOI4_FACTORY_TRACKER| 1:00, 1 February, 1939|PER|13|8|0
[15:19:42][1939.02.01.01][effectbase.cpp:1799]: [15:19:42][1939.02.01.01][effectbase.cpp:1783]: HOI4_FACTORY_TRACKER| 1:00, 1 February, 1939|MAL|7|5|4
[15:19:42][1939.02.01.01][effectbase.cpp:1799]: [15:19:42][1939.02.01.01][effectbase.cpp:1783]: HOI4_FACTORY_TRACKER| 1:00, 1 February, 1939|INS|12|6|2
[15:19:42][1939.02.01.01][effectbase.cpp:1799]: [15:19:42][1939.02.01.01][effectbase.cpp:1783]: HOI4_FACTORY_TRACKER| 1:00, 1 February, 1939|AFA|0|0|0
[15:19:42][1939.02.01.01][effectbase.cpp:1799]: [15:20:03][1939.03.01.01][effectbase.cpp:1783]: HOI4_FACTORY_TRACKER| 1:00, 1 March, 1939|ADT|224|90|51
[15:20:03][1939.03.01.01][effectbase.cpp:1799]: [15:20:03][1939.03.01.01][effectbase.cpp:1783]: HOI4_FACTORY_TRACKER| 1:00, 1 March, 1939|SWE|32|13|4
[15:20:03][1939.03.01.01][effectbase.cpp:1799]: [15:20:03][1939.03.01.01][effectbase.cpp:1783]: HOI4_FACTORY_TRACKER| 1:00, 1 March, 1939|LUX|4|2|0
[15:20:03][1939.03.01.01][effectbase.cpp:1799]: [15:20:03][1939.03.01.01][effectbase.cpp:1783]: HOI4_FACTORY_TRACKER| 1:00, 1 March, 1939|BEL|24|9|0
[15:20:03][1939.03.01.01][effectbase.cpp:1799]: [15:20:03][1939.03.01.01][effectbase.cpp:1783]: HOI4_FACTORY_TRACKER| 1:00, 1 March, 1939|HOL|17|8|4
[15:20:03][1939.03.01.01][effectbase.cpp:1799]: [15:20:03][1939.03.01.01][effectbase.cpp:1783]: HOI4_FACTORY_TRACKER| 1:00, 1 March, 1939|CZE|25|17|0
[15:20:03][1939.03.01.01][effectbase.cpp:1799]: [15:20:03][1939.03.01.01][effectbase.cpp:1783]: HOI4_FACTORY_TRACKER| 1:00, 1 March, 1939|POL|27|19|8
[15:20:03][1939.03.01.01][effectbase.cpp:1799]: [15:20:03][1939.03.01.01][effectbase.cpp:1783]: HOI4_FACTORY_TRACKER| 1:00, 1 March, 1939|AUS|32|16|0
[15:20:03][1939.03.01.01][effectbase.cpp:1799]: [15:20:03][1939.03.01.01][effectbase.cpp:1783]: HOI4_FACTORY_TRACKER| 1:00, 1 March, 1939|LIT|6|2|0
[15:20:03][1939.03.01.01][effectbase.cpp:1799]: [15:20:03][1939.03.01.01][effectbase.cpp:1783]: HOI4_FACTORY_TRACKER| 1:00, 1 March, 1939|EST|19|9|0
[15:20:03][1939.03.01.01][effectbase.cpp:1799]: [15:20:03][1939.03.01.01][effectbase.cpp:1783]: HOI4_FACTORY_TRACKER| 1:00, 1 March, 1939|LAT|17|4|1
[15:20:03][1939.03.01.01][effectbase.cpp:1799]: [15:20:03][1939.03.01.01][effectbase.cpp:1783]: HOI4_FACTORY_TRACKER| 1:00, 1 March, 1939|ROM|22|10|4
[15:20:03][1939.03.01.01][effectbase.cpp:1799]: [15:20:03][1939.03.01.01][effectbase.cpp:1783]: HOI4_FACTORY_TRACKER| 1:00, 1 March, 1939|YUG|24|6|3
[15:20:03][1939.03.01.01][effectbase.cpp:1799]: [15:20:03][1939.03.01.01][effectbase.cpp:1783]: HOI4_FACTORY_TRACKER| 1:00, 1 March, 1939|SWI|11|9|0
[15:20:03][1939.03.01.01][effectbase.cpp:1799]: [15:20:03][1939.03.01.01][effectbase.cpp:1783]: HOI4_FACTORY_TRACKER| 1:00, 1 March, 1939|GRE|11|5|5
[15:20:03][1939.03.01.01][effectbase.cpp:1799]: [15:20:03][1939.03.01.01][effectbase.cpp:1783]: HOI4_FACTORY_TRACKER| 1:00, 1 March, 1939|ALB|7|4|0
[15:20:03][1939.03.01.01][effectbase.cpp:1799]: [15:20:03][1939.03.01.01][effectbase.cpp:1783]: HOI4_FACTORY_TRACKER| 1:00, 1 March, 1939|NOR|22|10|4
[15:20:03][1939.03.01.01][effectbase.cpp:1799]: [15:20:03][1939.03.01.01][effectbase.cpp:1783]: HOI4_FACTORY_TRACKER| 1:00, 1 March, 1939|DEN|19|5|3
[15:20:03][1939.03.01.01][effectbase.cpp:1799]: [15:20:03][1939.03.01.01][effectbase.cpp:1783]: HOI4_FACTORY_TRACKER| 1:00, 1 March, 1939|BUL|30|9|0
[15:20:03][1939.03.01.01][effectbase.cpp:1799]: [15:20:03][1939.03.01.01][effectbase.cpp:1783]: HOI4_FACTORY_TRACKER| 1:00, 1 March, 1939|POR|18|5|10
[15:20:03][1939.03.01.01][effectbase.cpp:1799]: [15:20:03][1939.03.01.01][effectbase.cpp:1783]: HOI4_FACTORY_TRACKER| 1:00, 1 March, 1939|IRE|19|5|0
[15:20:03][1939.03.01.01][effectbase.cpp:1799]: [15:20:03][1939.03.01.01][effectbase.cpp:1783]: HOI4_FACTORY_TRACKER| 1:00, 1 March, 1939|HUN|23|21|0
[15:20:03][1939.03.01.01][effectbase.cpp:1799]: [15:20:03][1939.03.01.01][effectbase.cpp:1783]: HOI4_FACTORY_TRACKER| 1:00, 1 March, 1939|ETH|5|3|0
[15:20:03][1939.03.01.01][effectbase.cpp:1799]: [15:20:03][1939.03.01.01][effectbase.cpp:1783]: HOI4_FACTORY_TRACKER| 1:00, 1 March, 1939|PER|14|8|0
[15:20:03][1939.03.01.01][effectbase.cpp:1799]: [15:20:03][1939.03.01.01][effectbase.cpp:1783]: HOI4_FACTORY_TRACKER| 1:00, 1 March, 1939|MAL|7|5|4
[15:20:03][1939.03.01.01][effectbase.cpp:1799]: [15:20:03][1939.03.01.01][effectbase.cpp:1783]: HOI4_FACTORY_TRACKER| 1:00, 1 March, 1939|INS|12|6|2
[15:20:03][1939.03.01.01][effectbase.cpp:1799]: [15:20:03][1939.03.01.01][effectbase.cpp:1783]: HOI4_FACTORY_TRACKER| 1:00, 1 March, 1939|AFA|0|0|0
[15:20:03][1939.03.01.01][effectbase.cpp:1799]: [15:20:11][1939.03.11.22][effectbase.cpp:1783]: random 3: weapons manufactory  
[15:20:11][1939.03.11.22][effectbase.cpp:1799]: [15:20:26][1939.04.01.01][effectbase.cpp:1783]: HOI4_FACTORY_TRACKER| 1:00, 1 April, 1939|ADT|238|95|53
[15:20:26][1939.04.01.01][effectbase.cpp:1799]: [15:20:26][1939.04.01.01][effectbase.cpp:1783]: HOI4_FACTORY_TRACKER| 1:00, 1 April, 1939|SWE|31|13|4
[15:20:26][1939.04.01.01][effectbase.cpp:1799]: [15:20:26][1939.04.01.01][effectbase.cpp:1783]: HOI4_FACTORY_TRACKER| 1:00, 1 April, 1939|LUX|4|2|0
[15:20:26][1939.04.01.01][effectbase.cpp:1799]: [15:20:26][1939.04.01.01][effectbase.cpp:1783]: HOI4_FACTORY_TRACKER| 1:00, 1 April, 1939|BEL|24|9|0
[15:20:26][1939.04.01.01][effectbase.cpp:1799]: [15:20:26][1939.04.01.01][effectbase.cpp:1783]: HOI4_FACTORY_TRACKER| 1:00, 1 April, 1939|HOL|18|8|4
[15:20:26][1939.04.01.01][effectbase.cpp:1799]: [15:20:26][1939.04.01.01][effectbase.cpp:1783]: HOI4_FACTORY_TRACKER| 1:00, 1 April, 1939|CZE|25|18|0
[15:20:26][1939.04.01.01][effectbase.cpp:1799]: [15:20:26][1939.04.01.01][effectbase.cpp:1783]: HOI4_FACTORY_TRACKER| 1:00, 1 April, 1939|POL|27|19|8
[15:20:26][1939.04.01.01][effectbase.cpp:1799]: [15:20:26][1939.04.01.01][effectbase.cpp:1783]: HOI4_FACTORY_TRACKER| 1:00, 1 April, 1939|AUS|32|16|0
[15:20:26][1939.04.01.01][effectbase.cpp:1799]: [15:20:26][1939.04.01.01][effectbase.cpp:1783]: HOI4_FACTORY_TRACKER| 1:00, 1 April, 1939|LIT|6|2|0
[15:20:26][1939.04.01.01][effectbase.cpp:1799]: [15:20:26][1939.04.01.01][effectbase.cpp:1783]: HOI4_FACTORY_TRACKER| 1:00, 1 April, 1939|EST|21|9|0
[15:20:26][1939.04.01.01][effectbase.cpp:1799]: [15:20:26][1939.04.01.01][effectbase.cpp:1783]: HOI4_FACTORY_TRACKER| 1:00, 1 April, 1939|LAT|17|6|1
[15:20:26][1939.04.01.01][effectbase.cpp:1799]: [15:20:26][1939.04.01.01][effectbase.cpp:1783]: HOI4_FACTORY_TRACKER| 1:00, 1 April, 1939|YUG|24|7|3
[15:20:26][1939.04.01.01][effectbase.cpp:1799]: [15:20:26][1939.04.01.01][effectbase.cpp:1783]: HOI4_FACTORY_TRACKER| 1:00, 1 April, 1939|SWI|14|9|0
[15:20:26][1939.04.01.01][effectbase.cpp:1799]: [15:20:26][1939.04.01.01][effectbase.cpp:1783]: HOI4_FACTORY_TRACKER| 1:00, 1 April, 1939|GRE|12|5|5
[15:20:26][1939.04.01.01][effectbase.cpp:1799]: [15:20:26][1939.04.01.01][effectbase.cpp:1783]: HOI4_FACTORY_TRACKER| 1:00, 1 April, 1939|ALB|7|4|0
[15:20:26][1939.04.01.01][effectbase.cpp:1799]: [15:20:26][1939.04.01.01][effectbase.cpp:1783]: HOI4_FACTORY_TRACKER| 1:00, 1 April, 1939|NOR|22|10|4
[15:20:26][1939.04.01.01][effectbase.cpp:1799]: [15:20:26][1939.04.01.01][effectbase.cpp:1783]: HOI4_FACTORY_TRACKER| 1:00, 1 April, 1939|DEN|19|5|3
[15:20:26][1939.04.01.01][effectbase.cpp:1799]: [15:20:26][1939.04.01.01][effectbase.cpp:1783]: HOI4_FACTORY_TRACKER| 1:00, 1 April, 1939|POR|18|5|10
[15:20:26][1939.04.01.01][effectbase.cpp:1799]: [15:20:26][1939.04.01.01][effectbase.cpp:1783]: HOI4_FACTORY_TRACKER| 1:00, 1 April, 1939|IRE|19|5|0
[15:20:26][1939.04.01.01][effectbase.cpp:1799]: [15:20:26][1939.04.01.01][effectbase.cpp:1783]: HOI4_FACTORY_TRACKER| 1:00, 1 April, 1939|HUN|24|21|0
[15:20:26][1939.04.01.01][effectbase.cpp:1799]: [15:20:26][1939.04.01.01][effectbase.cpp:1783]: HOI4_FACTORY_TRACKER| 1:00, 1 April, 1939|ETH|4|4|0
[15:20:26][1939.04.01.01][effectbase.cpp:1799]: [15:20:26][1939.04.01.01][effectbase.cpp:1783]: HOI4_FACTORY_TRACKER| 1:00, 1 April, 1939|PER|15|8|0
[15:20:26][1939.04.01.01][effectbase.cpp:1799]: [15:20:26][1939.04.01.01][effectbase.cpp:1783]: HOI4_FACTORY_TRACKER| 1:00, 1 April, 1939|MAL|7|5|4
[15:20:26][1939.04.01.01][effectbase.cpp:1799]: [15:20:26][1939.04.01.01][effectbase.cpp:1783]: HOI4_FACTORY_TRACKER| 1:00, 1 April, 1939|INS|12|6|2
[15:20:26][1939.04.01.01][effectbase.cpp:1799]: [15:20:26][1939.04.01.01][effectbase.cpp:1783]: HOI4_FACTORY_TRACKER| 1:00, 1 April, 1939|AFA|0|0|0
[15:20:26][1939.04.01.01][effectbase.cpp:1799]: [15:20:48][1939.05.01.01][effectbase.cpp:1783]: HOI4_FACTORY_TRACKER| 1:00, 1 May, 1939|ADT|243|101|53
[15:20:48][1939.05.01.01][effectbase.cpp:1799]: [15:20:48][1939.05.01.01][effectbase.cpp:1783]: HOI4_FACTORY_TRACKER| 1:00, 1 May, 1939|SWE|31|14|4
[15:20:48][1939.05.01.01][effectbase.cpp:1799]: [15:20:48][1939.05.01.01][effectbase.cpp:1783]: HOI4_FACTORY_TRACKER| 1:00, 1 May, 1939|LUX|4|2|0
[15:20:48][1939.05.01.01][effectbase.cpp:1799]: [15:20:48][1939.05.01.01][effectbase.cpp:1783]: HOI4_FACTORY_TRACKER| 1:00, 1 May, 1939|BEL|25|10|0
[15:20:48][1939.05.01.01][effectbase.cpp:1799]: [15:20:48][1939.05.01.01][effectbase.cpp:1783]: HOI4_FACTORY_TRACKER| 1:00, 1 May, 1939|HOL|18|8|4
[15:20:48][1939.05.01.01][effectbase.cpp:1799]: [15:20:48][1939.05.01.01][effectbase.cpp:1783]: HOI4_FACTORY_TRACKER| 1:00, 1 May, 1939|CZE|25|19|0
[15:20:48][1939.05.01.01][effectbase.cpp:1799]: [15:20:48][1939.05.01.01][effectbase.cpp:1783]: HOI4_FACTORY_TRACKER| 1:00, 1 May, 1939|POL|27|19|8
[15:20:48][1939.05.01.01][effectbase.cpp:1799]: [15:20:48][1939.05.01.01][effectbase.cpp:1783]: HOI4_FACTORY_TRACKER| 1:00, 1 May, 1939|AUS|30|17|0
[15:20:48][1939.05.01.01][effectbase.cpp:1799]: [15:20:48][1939.05.01.01][effectbase.cpp:1783]: HOI4_FACTORY_TRACKER| 1:00, 1 May, 1939|LIT|8|2|0
[15:20:48][1939.05.01.01][effectbase.cpp:1799]: [15:20:48][1939.05.01.01][effectbase.cpp:1783]: HOI4_FACTORY_TRACKER| 1:00, 1 May, 1939|EST|21|10|0
[15:20:48][1939.05.01.01][effectbase.cpp:1799]: [15:20:48][1939.05.01.01][effectbase.cpp:1783]: HOI4_FACTORY_TRACKER| 1:00, 1 May, 1939|LAT|17|6|1
[15:20:48][1939.05.01.01][effectbase.cpp:1799]: [15:20:48][1939.05.01.01][effectbase.cpp:1783]: HOI4_FACTORY_TRACKER| 1:00, 1 May, 1939|YUG|24|7|3
[15:20:48][1939.05.01.01][effectbase.cpp:1799]: [15:20:48][1939.05.01.01][effectbase.cpp:1783]: HOI4_FACTORY_TRACKER| 1:00, 1 May, 1939|SWI|14|9|0
[15:20:48][1939.05.01.01][effectbase.cpp:1799]: [15:20:48][1939.05.01.01][effectbase.cpp:1783]: HOI4_FACTORY_TRACKER| 1:00, 1 May, 1939|GRE|13|5|5
[15:20:48][1939.05.01.01][effectbase.cpp:1799]: [15:20:48][1939.05.01.01][effectbase.cpp:1783]: HOI4_FACTORY_TRACKER| 1:00, 1 May, 1939|ALB|7|4|0
[15:20:48][1939.05.01.01][effectbase.cpp:1799]: [15:20:48][1939.05.01.01][effectbase.cpp:1783]: HOI4_FACTORY_TRACKER| 1:00, 1 May, 1939|NOR|23|10|4
[15:20:48][1939.05.01.01][effectbase.cpp:1799]: [15:20:48][1939.05.01.01][effectbase.cpp:1783]: HOI4_FACTORY_TRACKER| 1:00, 1 May, 1939|DEN|21|5|3
[15:20:48][1939.05.01.01][effectbase.cpp:1799]: [15:20:48][1939.05.01.01][effectbase.cpp:1783]: HOI4_FACTORY_TRACKER| 1:00, 1 May, 1939|POR|17|7|10
[15:20:48][1939.05.01.01][effectbase.cpp:1799]: [15:20:48][1939.05.01.01][effectbase.cpp:1783]: HOI4_FACTORY_TRACKER| 1:00, 1 May, 1939|IRE|19|6|0
[15:20:48][1939.05.01.01][effectbase.cpp:1799]: [15:20:48][1939.05.01.01][effectbase.cpp:1783]: HOI4_FACTORY_TRACKER| 1:00, 1 May, 1939|ETH|4|4|0
[15:20:48][1939.05.01.01][effectbase.cpp:1799]: [15:20:48][1939.05.01.01][effectbase.cpp:1783]: HOI4_FACTORY_TRACKER| 1:00, 1 May, 1939|PER|15|10|0
[15:20:48][1939.05.01.01][effectbase.cpp:1799]: [15:20:48][1939.05.01.01][effectbase.cpp:1783]: HOI4_FACTORY_TRACKER| 1:00, 1 May, 1939|MAL|7|5|4
[15:20:48][1939.05.01.01][effectbase.cpp:1799]: [15:20:48][1939.05.01.01][effectbase.cpp:1783]: HOI4_FACTORY_TRACKER| 1:00, 1 May, 1939|INS|12|6|2
[15:20:48][1939.05.01.01][effectbase.cpp:1799]: [15:20:48][1939.05.01.01][effectbase.cpp:1783]: HOI4_FACTORY_TRACKER| 1:00, 1 May, 1939|AFA|0|0|0
[15:20:48][1939.05.01.01][effectbase.cpp:1799]: [15:21:11][1939.06.01.01][effectbase.cpp:1783]: HOI4_FACTORY_TRACKER| 1:00, 1 June, 1939|ADT|245|102|53
[15:21:11][1939.06.01.01][effectbase.cpp:1799]: [15:21:11][1939.06.01.01][effectbase.cpp:1783]: HOI4_FACTORY_TRACKER| 1:00, 1 June, 1939|SWE|31|14|4
[15:21:11][1939.06.01.01][effectbase.cpp:1799]: [15:21:11][1939.06.01.01][effectbase.cpp:1783]: HOI4_FACTORY_TRACKER| 1:00, 1 June, 1939|LUX|4|2|0
[15:21:11][1939.06.01.01][effectbase.cpp:1799]: [15:21:11][1939.06.01.01][effectbase.cpp:1783]: HOI4_FACTORY_TRACKER| 1:00, 1 June, 1939|BEL|25|11|0
[15:21:11][1939.06.01.01][effectbase.cpp:1799]: [15:21:11][1939.06.01.01][effectbase.cpp:1783]: HOI4_FACTORY_TRACKER| 1:00, 1 June, 1939|HOL|18|8|4
[15:21:11][1939.06.01.01][effectbase.cpp:1799]: [15:21:11][1939.06.01.01][effectbase.cpp:1783]: HOI4_FACTORY_TRACKER| 1:00, 1 June, 1939|CZE|25|19|0
[15:21:11][1939.06.01.01][effectbase.cpp:1799]: [15:21:11][1939.06.01.01][effectbase.cpp:1783]: HOI4_FACTORY_TRACKER| 1:00, 1 June, 1939|POL|27|19|8
[15:21:11][1939.06.01.01][effectbase.cpp:1799]: [15:21:11][1939.06.01.01][effectbase.cpp:1783]: HOI4_FACTORY_TRACKER| 1:00, 1 June, 1939|AUS|33|19|0
[15:21:11][1939.06.01.01][effectbase.cpp:1799]: [15:21:11][1939.06.01.01][effectbase.cpp:1783]: HOI4_FACTORY_TRACKER| 1:00, 1 June, 1939|LIT|9|2|0
[15:21:11][1939.06.01.01][effectbase.cpp:1799]: [15:21:11][1939.06.01.01][effectbase.cpp:1783]: HOI4_FACTORY_TRACKER| 1:00, 1 June, 1939|EST|21|11|0
[15:21:11][1939.06.01.01][effectbase.cpp:1799]: [15:21:11][1939.06.01.01][effectbase.cpp:1783]: HOI4_FACTORY_TRACKER| 1:00, 1 June, 1939|LAT|17|6|1
[15:21:11][1939.06.01.01][effectbase.cpp:1799]: [15:21:11][1939.06.01.01][effectbase.cpp:1783]: HOI4_FACTORY_TRACKER| 1:00, 1 June, 1939|YUG|24|8|3
[15:21:11][1939.06.01.01][effectbase.cpp:1799]: [15:21:11][1939.06.01.01][effectbase.cpp:1783]: HOI4_FACTORY_TRACKER| 1:00, 1 June, 1939|SWI|14|9|0
[15:21:11][1939.06.01.01][effectbase.cpp:1799]: [15:21:11][1939.06.01.01][effectbase.cpp:1783]: HOI4_FACTORY_TRACKER| 1:00, 1 June, 1939|GRE|13|5|5
[15:21:11][1939.06.01.01][effectbase.cpp:1799]: [15:21:11][1939.06.01.01][effectbase.cpp:1783]: HOI4_FACTORY_TRACKER| 1:00, 1 June, 1939|ALB|7|4|0
[15:21:11][1939.06.01.01][effectbase.cpp:1799]: [15:21:11][1939.06.01.01][effectbase.cpp:1783]: HOI4_FACTORY_TRACKER| 1:00, 1 June, 1939|NOR|23|10|4
[15:21:11][1939.06.01.01][effectbase.cpp:1799]: [15:21:11][1939.06.01.01][effectbase.cpp:1783]: HOI4_FACTORY_TRACKER| 1:00, 1 June, 1939|DEN|22|5|3
[15:21:11][1939.06.01.01][effectbase.cpp:1799]: [15:21:11][1939.06.01.01][effectbase.cpp:1783]: HOI4_FACTORY_TRACKER| 1:00, 1 June, 1939|POR|17|7|10
[15:21:11][1939.06.01.01][effectbase.cpp:1799]: [15:21:11][1939.06.01.01][effectbase.cpp:1783]: HOI4_FACTORY_TRACKER| 1:00, 1 June, 1939|IRE|19|6|0
[15:21:11][1939.06.01.01][effectbase.cpp:1799]: [15:21:11][1939.06.01.01][effectbase.cpp:1783]: HOI4_FACTORY_TRACKER| 1:00, 1 June, 1939|ETH|4|4|0
[15:21:11][1939.06.01.01][effectbase.cpp:1799]: [15:21:11][1939.06.01.01][effectbase.cpp:1783]: HOI4_FACTORY_TRACKER| 1:00, 1 June, 1939|PER|15|10|0
[15:21:11][1939.06.01.01][effectbase.cpp:1799]: [15:21:11][1939.06.01.01][effectbase.cpp:1783]: HOI4_FACTORY_TRACKER| 1:00, 1 June, 1939|MAL|7|6|4
[15:21:11][1939.06.01.01][effectbase.cpp:1799]: [15:21:11][1939.06.01.01][effectbase.cpp:1783]: HOI4_FACTORY_TRACKER| 1:00, 1 June, 1939|INS|12|6|2
[15:21:11][1939.06.01.01][effectbase.cpp:1799]: [15:21:11][1939.06.01.01][effectbase.cpp:1783]: HOI4_FACTORY_TRACKER| 1:00, 1 June, 1939|AFA|0|0|0
[15:21:11][1939.06.01.01][effectbase.cpp:1799]: [15:21:18][1939.06.09.05][effectbase.cpp:1783]: random event 1
[15:21:18][1939.06.09.05][effectbase.cpp:1799]: [15:21:33][1939.07.01.01][effectbase.cpp:1783]: HOI4_FACTORY_TRACKER| 1:00, 1 July, 1939|ADT|247|103|54
[15:21:33][1939.07.01.01][effectbase.cpp:1799]: [15:21:33][1939.07.01.01][effectbase.cpp:1783]: HOI4_FACTORY_TRACKER| 1:00, 1 July, 1939|SWE|33|14|4
[15:21:33][1939.07.01.01][effectbase.cpp:1799]: [15:21:33][1939.07.01.01][effectbase.cpp:1783]: HOI4_FACTORY_TRACKER| 1:00, 1 July, 1939|LUX|5|3|0
[15:21:33][1939.07.01.01][effectbase.cpp:1799]: [15:21:33][1939.07.01.01][effectbase.cpp:1783]: HOI4_FACTORY_TRACKER| 1:00, 1 July, 1939|BEL|27|11|0
[15:21:33][1939.07.01.01][effectbase.cpp:1799]: [15:21:33][1939.07.01.01][effectbase.cpp:1783]: HOI4_FACTORY_TRACKER| 1:00, 1 July, 1939|HOL|18|9|4
[15:21:33][1939.07.01.01][effectbase.cpp:1799]: [15:21:33][1939.07.01.01][effectbase.cpp:1783]: HOI4_FACTORY_TRACKER| 1:00, 1 July, 1939|CZE|26|19|0
[15:21:33][1939.07.01.01][effectbase.cpp:1799]: [15:21:33][1939.07.01.01][effectbase.cpp:1783]: HOI4_FACTORY_TRACKER| 1:00, 1 July, 1939|POL|28|20|8
[15:21:33][1939.07.01.01][effectbase.cpp:1799]: [15:21:33][1939.07.01.01][effectbase.cpp:1783]: HOI4_FACTORY_TRACKER| 1:00, 1 July, 1939|AUS|35|19|0
[15:21:33][1939.07.01.01][effectbase.cpp:1799]: [15:21:33][1939.07.01.01][effectbase.cpp:1783]: HOI4_FACTORY_TRACKER| 1:00, 1 July, 1939|LIT|13|2|0
[15:21:33][1939.07.01.01][effectbase.cpp:1799]: [15:21:33][1939.07.01.01][effectbase.cpp:1783]: HOI4_FACTORY_TRACKER| 1:00, 1 July, 1939|EST|21|11|0
[15:21:33][1939.07.01.01][effectbase.cpp:1799]: [15:21:33][1939.07.01.01][effectbase.cpp:1783]: HOI4_FACTORY_TRACKER| 1:00, 1 July, 1939|LAT|17|6|1
[15:21:33][1939.07.01.01][effectbase.cpp:1799]: [15:21:33][1939.07.01.01][effectbase.cpp:1783]: HOI4_FACTORY_TRACKER| 1:00, 1 July, 1939|YUG|24|8|3
[15:21:33][1939.07.01.01][effectbase.cpp:1799]: [15:21:33][1939.07.01.01][effectbase.cpp:1783]: HOI4_FACTORY_TRACKER| 1:00, 1 July, 1939|SWI|15|9|0
[15:21:33][1939.07.01.01][effectbase.cpp:1799]: [15:21:33][1939.07.01.01][effectbase.cpp:1783]: HOI4_FACTORY_TRACKER| 1:00, 1 July, 1939|GRE|13|5|5
[15:21:33][1939.07.01.01][effectbase.cpp:1799]: [15:21:33][1939.07.01.01][effectbase.cpp:1783]: HOI4_FACTORY_TRACKER| 1:00, 1 July, 1939|ALB|7|4|0
[15:21:33][1939.07.01.01][effectbase.cpp:1799]: [15:21:33][1939.07.01.01][effectbase.cpp:1783]: HOI4_FACTORY_TRACKER| 1:00, 1 July, 1939|NOR|23|13|4
[15:21:33][1939.07.01.01][effectbase.cpp:1799]: [15:21:33][1939.07.01.01][effectbase.cpp:1783]: HOI4_FACTORY_TRACKER| 1:00, 1 July, 1939|DEN|22|5|3
[15:21:33][1939.07.01.01][effectbase.cpp:1799]: [15:21:33][1939.07.01.01][effectbase.cpp:1783]: HOI4_FACTORY_TRACKER| 1:00, 1 July, 1939|POR|19|7|10
[15:21:33][1939.07.01.01][effectbase.cpp:1799]: [15:21:33][1939.07.01.01][effectbase.cpp:1783]: HOI4_FACTORY_TRACKER| 1:00, 1 July, 1939|IRE|19|6|0
[15:21:33][1939.07.01.01][effectbase.cpp:1799]: [15:21:33][1939.07.01.01][effectbase.cpp:1783]: HOI4_FACTORY_TRACKER| 1:00, 1 July, 1939|ETH|4|5|0
[15:21:33][1939.07.01.01][effectbase.cpp:1799]: [15:21:33][1939.07.01.01][effectbase.cpp:1783]: HOI4_FACTORY_TRACKER| 1:00, 1 July, 1939|PER|15|10|0
[15:21:33][1939.07.01.01][effectbase.cpp:1799]: [15:21:33][1939.07.01.01][effectbase.cpp:1783]: HOI4_FACTORY_TRACKER| 1:00, 1 July, 1939|MAL|7|6|4
[15:21:33][1939.07.01.01][effectbase.cpp:1799]: [15:21:33][1939.07.01.01][effectbase.cpp:1783]: HOI4_FACTORY_TRACKER| 1:00, 1 July, 1939|INS|13|6|2
[15:21:33][1939.07.01.01][effectbase.cpp:1799]: [15:21:33][1939.07.01.01][effectbase.cpp:1783]: HOI4_FACTORY_TRACKER| 1:00, 1 July, 1939|AFA|0|0|0
[15:21:33][1939.07.01.01][effectbase.cpp:1799]: [15:21:59][1939.08.01.01][effectbase.cpp:1783]: HOI4_FACTORY_TRACKER| 1:00, 1 August, 1939|ADT|248|104|54
[15:21:59][1939.08.01.01][effectbase.cpp:1799]: [15:21:59][1939.08.01.01][effectbase.cpp:1783]: HOI4_FACTORY_TRACKER| 1:00, 1 August, 1939|SWE|34|14|4
[15:21:59][1939.08.01.01][effectbase.cpp:1799]: [15:21:59][1939.08.01.01][effectbase.cpp:1783]: HOI4_FACTORY_TRACKER| 1:00, 1 August, 1939|LUX|5|3|0
[15:21:59][1939.08.01.01][effectbase.cpp:1799]: [15:21:59][1939.08.01.01][effectbase.cpp:1783]: HOI4_FACTORY_TRACKER| 1:00, 1 August, 1939|BEL|28|12|0
[15:21:59][1939.08.01.01][effectbase.cpp:1799]: [15:21:59][1939.08.01.01][effectbase.cpp:1783]: HOI4_FACTORY_TRACKER| 1:00, 1 August, 1939|HOL|19|9|4
[15:21:59][1939.08.01.01][effectbase.cpp:1799]: [15:21:59][1939.08.01.01][effectbase.cpp:1783]: HOI4_FACTORY_TRACKER| 1:00, 1 August, 1939|CZE|27|20|0
[15:21:59][1939.08.01.01][effectbase.cpp:1799]: [15:21:59][1939.08.01.01][effectbase.cpp:1783]: HOI4_FACTORY_TRACKER| 1:00, 1 August, 1939|POL|29|20|8
[15:21:59][1939.08.01.01][effectbase.cpp:1799]: [15:21:59][1939.08.01.01][effectbase.cpp:1783]: HOI4_FACTORY_TRACKER| 1:00, 1 August, 1939|AUS|35|20|0
[15:21:59][1939.08.01.01][effectbase.cpp:1799]: [15:21:59][1939.08.01.01][effectbase.cpp:1783]: HOI4_FACTORY_TRACKER| 1:00, 1 August, 1939|LIT|13|2|0
[15:21:59][1939.08.01.01][effectbase.cpp:1799]: [15:21:59][1939.08.01.01][effectbase.cpp:1783]: HOI4_FACTORY_TRACKER| 1:00, 1 August, 1939|EST|21|11|0
[15:21:59][1939.08.01.01][effectbase.cpp:1799]: [15:21:59][1939.08.01.01][effectbase.cpp:1783]: HOI4_FACTORY_TRACKER| 1:00, 1 August, 1939|LAT|18|6|1
[15:21:59][1939.08.01.01][effectbase.cpp:1799]: [15:21:59][1939.08.01.01][effectbase.cpp:1783]: HOI4_FACTORY_TRACKER| 1:00, 1 August, 1939|YUG|24|9|3
[15:21:59][1939.08.01.01][effectbase.cpp:1799]: [15:21:59][1939.08.01.01][effectbase.cpp:1783]: HOI4_FACTORY_TRACKER| 1:00, 1 August, 1939|SWI|15|9|0
[15:21:59][1939.08.01.01][effectbase.cpp:1799]: [15:21:59][1939.08.01.01][effectbase.cpp:1783]: HOI4_FACTORY_TRACKER| 1:00, 1 August, 1939|GRE|13|5|5
[15:21:59][1939.08.01.01][effectbase.cpp:1799]: [15:21:59][1939.08.01.01][effectbase.cpp:1783]: HOI4_FACTORY_TRACKER| 1:00, 1 August, 1939|ALB|7|4|0
[15:21:59][1939.08.01.01][effectbase.cpp:1799]: [15:21:59][1939.08.01.01][effectbase.cpp:1783]: HOI4_FACTORY_TRACKER| 1:00, 1 August, 1939|NOR|23|13|4
[15:21:59][1939.08.01.01][effectbase.cpp:1799]: [15:21:59][1939.08.01.01][effectbase.cpp:1783]: HOI4_FACTORY_TRACKER| 1:00, 1 August, 1939|DEN|22|6|3
[15:21:59][1939.08.01.01][effectbase.cpp:1799]: [15:21:59][1939.08.01.01][effectbase.cpp:1783]: HOI4_FACTORY_TRACKER| 1:00, 1 August, 1939|POR|19|7|10
[15:21:59][1939.08.01.01][effectbase.cpp:1799]: [15:21:59][1939.08.01.01][effectbase.cpp:1783]: HOI4_FACTORY_TRACKER| 1:00, 1 August, 1939|IRE|19|6|0
[15:21:59][1939.08.01.01][effectbase.cpp:1799]: [15:21:59][1939.08.01.01][effectbase.cpp:1783]: HOI4_FACTORY_TRACKER| 1:00, 1 August, 1939|ETH|4|5|0
[15:21:59][1939.08.01.01][effectbase.cpp:1799]: [15:21:59][1939.08.01.01][effectbase.cpp:1783]: HOI4_FACTORY_TRACKER| 1:00, 1 August, 1939|PER|15|10|0
[15:21:59][1939.08.01.01][effectbase.cpp:1799]: [15:21:59][1939.08.01.01][effectbase.cpp:1783]: HOI4_FACTORY_TRACKER| 1:00, 1 August, 1939|MAL|7|6|4
[15:21:59][1939.08.01.01][effectbase.cpp:1799]: [15:21:59][1939.08.01.01][effectbase.cpp:1783]: HOI4_FACTORY_TRACKER| 1:00, 1 August, 1939|INS|13|6|2
[15:21:59][1939.08.01.01][effectbase.cpp:1799]: [15:21:59][1939.08.01.01][effectbase.cpp:1783]: HOI4_FACTORY_TRACKER| 1:00, 1 August, 1939|AFA|0|0|0
[15:21:59][1939.08.01.01][effectbase.cpp:1799]: [15:22:22][1939.09.01.01][effectbase.cpp:1783]: HOI4_FACTORY_TRACKER| 1:00, 1 September, 1939|ADT|250|105|54
[15:22:22][1939.09.01.01][effectbase.cpp:1799]: [15:22:22][1939.09.01.01][effectbase.cpp:1783]: HOI4_FACTORY_TRACKER| 1:00, 1 September, 1939|SWE|34|15|4
[15:22:22][1939.09.01.01][effectbase.cpp:1799]: [15:22:22][1939.09.01.01][effectbase.cpp:1783]: HOI4_FACTORY_TRACKER| 1:00, 1 September, 1939|LUX|5|4|0
[15:22:22][1939.09.01.01][effectbase.cpp:1799]: [15:22:22][1939.09.01.01][effectbase.cpp:1783]: HOI4_FACTORY_TRACKER| 1:00, 1 September, 1939|BEL|29|13|0
[15:22:22][1939.09.01.01][effectbase.cpp:1799]: [15:22:22][1939.09.01.01][effectbase.cpp:1783]: HOI4_FACTORY_TRACKER| 1:00, 1 September, 1939|HOL|18|9|4
[15:22:22][1939.09.01.01][effectbase.cpp:1799]: [15:22:22][1939.09.01.01][effectbase.cpp:1783]: HOI4_FACTORY_TRACKER| 1:00, 1 September, 1939|CZE|27|21|0
[15:22:22][1939.09.01.01][effectbase.cpp:1799]: [15:22:22][1939.09.01.01][effectbase.cpp:1783]: HOI4_FACTORY_TRACKER| 1:00, 1 September, 1939|POL|31|24|8
[15:22:22][1939.09.01.01][effectbase.cpp:1799]: [15:22:22][1939.09.01.01][effectbase.cpp:1783]: HOI4_FACTORY_TRACKER| 1:00, 1 September, 1939|AUS|36|20|0
[15:22:22][1939.09.01.01][effectbase.cpp:1799]: [15:22:22][1939.09.01.01][effectbase.cpp:1783]: HOI4_FACTORY_TRACKER| 1:00, 1 September, 1939|LIT|13|2|0
[15:22:22][1939.09.01.01][effectbase.cpp:1799]: [15:22:22][1939.09.01.01][effectbase.cpp:1783]: HOI4_FACTORY_TRACKER| 1:00, 1 September, 1939|EST|22|11|0
[15:22:22][1939.09.01.01][effectbase.cpp:1799]: [15:22:22][1939.09.01.01][effectbase.cpp:1783]: HOI4_FACTORY_TRACKER| 1:00, 1 September, 1939|LAT|18|6|1
[15:22:22][1939.09.01.01][effectbase.cpp:1799]: [15:22:22][1939.09.01.01][effectbase.cpp:1783]: HOI4_FACTORY_TRACKER| 1:00, 1 September, 1939|YUG|24|9|3
[15:22:22][1939.09.01.01][effectbase.cpp:1799]: [15:22:22][1939.09.01.01][effectbase.cpp:1783]: HOI4_FACTORY_TRACKER| 1:00, 1 September, 1939|SWI|11|9|0
[15:22:22][1939.09.01.01][effectbase.cpp:1799]: [15:22:22][1939.09.01.01][effectbase.cpp:1783]: HOI4_FACTORY_TRACKER| 1:00, 1 September, 1939|GRE|13|5|5
[15:22:22][1939.09.01.01][effectbase.cpp:1799]: [15:22:22][1939.09.01.01][effectbase.cpp:1783]: HOI4_FACTORY_TRACKER| 1:00, 1 September, 1939|ALB|7|4|0
[15:22:22][1939.09.01.01][effectbase.cpp:1799]: [15:22:22][1939.09.01.01][effectbase.cpp:1783]: HOI4_FACTORY_TRACKER| 1:00, 1 September, 1939|NOR|23|13|4
[15:22:22][1939.09.01.01][effectbase.cpp:1799]: [15:22:22][1939.09.01.01][effectbase.cpp:1783]: HOI4_FACTORY_TRACKER| 1:00, 1 September, 1939|DEN|22|7|3
[15:22:22][1939.09.01.01][effectbase.cpp:1799]: [15:22:22][1939.09.01.01][effectbase.cpp:1783]: HOI4_FACTORY_TRACKER| 1:00, 1 September, 1939|POR|19|8|10
[15:22:22][1939.09.01.01][effectbase.cpp:1799]: [15:22:22][1939.09.01.01][effectbase.cpp:1783]: HOI4_FACTORY_TRACKER| 1:00, 1 September, 1939|IRE|20|6|0
[15:22:22][1939.09.01.01][effectbase.cpp:1799]: [15:22:22][1939.09.01.01][effectbase.cpp:1783]: HOI4_FACTORY_TRACKER| 1:00, 1 September, 1939|ETH|4|5|0
[15:22:22][1939.09.01.01][effectbase.cpp:1799]: [15:22:22][1939.09.01.01][effectbase.cpp:1783]: HOI4_FACTORY_TRACKER| 1:00, 1 September, 1939|PER|15|10|0
[15:22:22][1939.09.01.01][effectbase.cpp:1799]: [15:22:22][1939.09.01.01][effectbase.cpp:1783]: HOI4_FACTORY_TRACKER| 1:00, 1 September, 1939|MAL|7|6|4
[15:22:22][1939.09.01.01][effectbase.cpp:1799]: [15:22:22][1939.09.01.01][effectbase.cpp:1783]: HOI4_FACTORY_TRACKER| 1:00, 1 September, 1939|INS|13|6|2
[15:22:22][1939.09.01.01][effectbase.cpp:1799]: [15:22:22][1939.09.01.01][effectbase.cpp:1783]: HOI4_FACTORY_TRACKER| 1:00, 1 September, 1939|AFA|0|0|0
[15:22:22][1939.09.01.01][effectbase.cpp:1799]: [15:22:32][1939.09.13.17][effectbase.cpp:1783]: random 2: Industry 
[15:22:32][1939.09.13.17][effectbase.cpp:1799]: [15:22:44][1939.10.01.01][effectbase.cpp:1783]: HOI4_FACTORY_TRACKER| 1:00, 1 October, 1939|ADT|251|105|55
[15:22:44][1939.10.01.01][effectbase.cpp:1799]: [15:22:44][1939.10.01.01][effectbase.cpp:1783]: HOI4_FACTORY_TRACKER| 1:00, 1 October, 1939|SWE|35|15|4
[15:22:44][1939.10.01.01][effectbase.cpp:1799]: [15:22:44][1939.10.01.01][effectbase.cpp:1783]: HOI4_FACTORY_TRACKER| 1:00, 1 October, 1939|LUX|5|4|0
[15:22:44][1939.10.01.01][effectbase.cpp:1799]: [15:22:44][1939.10.01.01][effectbase.cpp:1783]: HOI4_FACTORY_TRACKER| 1:00, 1 October, 1939|BEL|29|14|0
[15:22:44][1939.10.01.01][effectbase.cpp:1799]: [15:22:44][1939.10.01.01][effectbase.cpp:1783]: HOI4_FACTORY_TRACKER| 1:00, 1 October, 1939|HOL|18|10|4
[15:22:44][1939.10.01.01][effectbase.cpp:1799]: [15:22:44][1939.10.01.01][effectbase.cpp:1783]: HOI4_FACTORY_TRACKER| 1:00, 1 October, 1939|CZE|27|22|0
[15:22:44][1939.10.01.01][effectbase.cpp:1799]: [15:22:44][1939.10.01.01][effectbase.cpp:1783]: HOI4_FACTORY_TRACKER| 1:00, 1 October, 1939|POL|31|24|8
[15:22:44][1939.10.01.01][effectbase.cpp:1799]: [15:22:44][1939.10.01.01][effectbase.cpp:1783]: HOI4_FACTORY_TRACKER| 1:00, 1 October, 1939|AUS|28|20|0
[15:22:44][1939.10.01.01][effectbase.cpp:1799]: [15:22:44][1939.10.01.01][effectbase.cpp:1783]: HOI4_FACTORY_TRACKER| 1:00, 1 October, 1939|LIT|13|2|0
[15:22:44][1939.10.01.01][effectbase.cpp:1799]: [15:22:44][1939.10.01.01][effectbase.cpp:1783]: HOI4_FACTORY_TRACKER| 1:00, 1 October, 1939|EST|22|12|0
[15:22:44][1939.10.01.01][effectbase.cpp:1799]: [15:22:44][1939.10.01.01][effectbase.cpp:1783]: HOI4_FACTORY_TRACKER| 1:00, 1 October, 1939|LAT|18|6|1
[15:22:44][1939.10.01.01][effectbase.cpp:1799]: [15:22:44][1939.10.01.01][effectbase.cpp:1783]: HOI4_FACTORY_TRACKER| 1:00, 1 October, 1939|YUG|24|10|3
[15:22:44][1939.10.01.01][effectbase.cpp:1799]: [15:22:44][1939.10.01.01][effectbase.cpp:1783]: HOI4_FACTORY_TRACKER| 1:00, 1 October, 1939|SWI|19|9|0
[15:22:44][1939.10.01.01][effectbase.cpp:1799]: [15:22:44][1939.10.01.01][effectbase.cpp:1783]: HOI4_FACTORY_TRACKER| 1:00, 1 October, 1939|GRE|13|5|5
[15:22:44][1939.10.01.01][effectbase.cpp:1799]: [15:22:44][1939.10.01.01][effectbase.cpp:1783]: HOI4_FACTORY_TRACKER| 1:00, 1 October, 1939|ALB|8|4|0
[15:22:44][1939.10.01.01][effectbase.cpp:1799]: [15:22:44][1939.10.01.01][effectbase.cpp:1783]: HOI4_FACTORY_TRACKER| 1:00, 1 October, 1939|NOR|23|14|4
[15:22:44][1939.10.01.01][effectbase.cpp:1799]: [15:22:44][1939.10.01.01][effectbase.cpp:1783]: HOI4_FACTORY_TRACKER| 1:00, 1 October, 1939|DEN|22|8|3
[15:22:44][1939.10.01.01][effectbase.cpp:1799]: [15:22:44][1939.10.01.01][effectbase.cpp:1783]: HOI4_FACTORY_TRACKER| 1:00, 1 October, 1939|POR|19|8|10
[15:22:44][1939.10.01.01][effectbase.cpp:1799]: [15:22:44][1939.10.01.01][effectbase.cpp:1783]: HOI4_FACTORY_TRACKER| 1:00, 1 October, 1939|IRE|20|6|0
[15:22:44][1939.10.01.01][effectbase.cpp:1799]: [15:22:44][1939.10.01.01][effectbase.cpp:1783]: HOI4_FACTORY_TRACKER| 1:00, 1 October, 1939|ETH|4|5|0
[15:22:44][1939.10.01.01][effectbase.cpp:1799]: [15:22:44][1939.10.01.01][effectbase.cpp:1783]: HOI4_FACTORY_TRACKER| 1:00, 1 October, 1939|PER|14|10|0
[15:22:44][1939.10.01.01][effectbase.cpp:1799]: [15:22:44][1939.10.01.01][effectbase.cpp:1783]: HOI4_FACTORY_TRACKER| 1:00, 1 October, 1939|MAL|7|6|4
[15:22:44][1939.10.01.01][effectbase.cpp:1799]: [15:22:44][1939.10.01.01][effectbase.cpp:1783]: HOI4_FACTORY_TRACKER| 1:00, 1 October, 1939|INS|13|7|2
[15:22:44][1939.10.01.01][effectbase.cpp:1799]: [15:22:44][1939.10.01.01][effectbase.cpp:1783]: HOI4_FACTORY_TRACKER| 1:00, 1 October, 1939|AFA|0|0|0
[15:22:44][1939.10.01.01][effectbase.cpp:1799]: [15:23:08][1939.11.01.01][effectbase.cpp:1783]: HOI4_FACTORY_TRACKER| 1:00, 1 November, 1939|ADT|248|105|55
[15:23:08][1939.11.01.01][effectbase.cpp:1799]: [15:23:08][1939.11.01.01][effectbase.cpp:1783]: HOI4_FACTORY_TRACKER| 1:00, 1 November, 1939|SWE|35|15|4
[15:23:08][1939.11.01.01][effectbase.cpp:1799]: [15:23:08][1939.11.01.01][effectbase.cpp:1783]: HOI4_FACTORY_TRACKER| 1:00, 1 November, 1939|LUX|5|4|0
[15:23:08][1939.11.01.01][effectbase.cpp:1799]: [15:23:08][1939.11.01.01][effectbase.cpp:1783]: HOI4_FACTORY_TRACKER| 1:00, 1 November, 1939|BEL|28|15|0
[15:23:08][1939.11.01.01][effectbase.cpp:1799]: [15:23:08][1939.11.01.01][effectbase.cpp:1783]: HOI4_FACTORY_TRACKER| 1:00, 1 November, 1939|HOL|19|10|4
[15:23:08][1939.11.01.01][effectbase.cpp:1799]: [15:23:08][1939.11.01.01][effectbase.cpp:1783]: HOI4_FACTORY_TRACKER| 1:00, 1 November, 1939|CZE|27|23|0
[15:23:08][1939.11.01.01][effectbase.cpp:1799]: [15:23:08][1939.11.01.01][effectbase.cpp:1783]: HOI4_FACTORY_TRACKER| 1:00, 1 November, 1939|POL|31|25|8
[15:23:08][1939.11.01.01][effectbase.cpp:1799]: [15:23:08][1939.11.01.01][effectbase.cpp:1783]: HOI4_FACTORY_TRACKER| 1:00, 1 November, 1939|AUS|28|21|0
[15:23:08][1939.11.01.01][effectbase.cpp:1799]: [15:23:08][1939.11.01.01][effectbase.cpp:1783]: HOI4_FACTORY_TRACKER| 1:00, 1 November, 1939|LIT|13|2|0
[15:23:08][1939.11.01.01][effectbase.cpp:1799]: [15:23:08][1939.11.01.01][effectbase.cpp:1783]: HOI4_FACTORY_TRACKER| 1:00, 1 November, 1939|EST|22|12|0
[15:23:08][1939.11.01.01][effectbase.cpp:1799]: [15:23:08][1939.11.01.01][effectbase.cpp:1783]: HOI4_FACTORY_TRACKER| 1:00, 1 November, 1939|LAT|18|7|1
[15:23:08][1939.11.01.01][effectbase.cpp:1799]: [15:23:08][1939.11.01.01][effectbase.cpp:1783]: HOI4_FACTORY_TRACKER| 1:00, 1 November, 1939|YUG|24|10|3
[15:23:08][1939.11.01.01][effectbase.cpp:1799]: [15:23:08][1939.11.01.01][effectbase.cpp:1783]: HOI4_FACTORY_TRACKER| 1:00, 1 November, 1939|SWI|20|9|0
[15:23:08][1939.11.01.01][effectbase.cpp:1799]: [15:23:08][1939.11.01.01][effectbase.cpp:1783]: HOI4_FACTORY_TRACKER| 1:00, 1 November, 1939|GRE|13|5|5
[15:23:08][1939.11.01.01][effectbase.cpp:1799]: [15:23:08][1939.11.01.01][effectbase.cpp:1783]: HOI4_FACTORY_TRACKER| 1:00, 1 November, 1939|ALB|8|4|0
[15:23:08][1939.11.01.01][effectbase.cpp:1799]: [15:23:08][1939.11.01.01][effectbase.cpp:1783]: HOI4_FACTORY_TRACKER| 1:00, 1 November, 1939|NOR|23|14|4
[15:23:08][1939.11.01.01][effectbase.cpp:1799]: [15:23:08][1939.11.01.01][effectbase.cpp:1783]: HOI4_FACTORY_TRACKER| 1:00, 1 November, 1939|DEN|22|8|3
[15:23:08][1939.11.01.01][effectbase.cpp:1799]: [15:23:08][1939.11.01.01][effectbase.cpp:1783]: HOI4_FACTORY_TRACKER| 1:00, 1 November, 1939|POR|20|9|10
[15:23:08][1939.11.01.01][effectbase.cpp:1799]: [15:23:08][1939.11.01.01][effectbase.cpp:1783]: HOI4_FACTORY_TRACKER| 1:00, 1 November, 1939|IRE|20|7|0
[15:23:08][1939.11.01.01][effectbase.cpp:1799]: [15:23:08][1939.11.01.01][effectbase.cpp:1783]: HOI4_FACTORY_TRACKER| 1:00, 1 November, 1939|ETH|4|5|0
[15:23:08][1939.11.01.01][effectbase.cpp:1799]: [15:23:08][1939.11.01.01][effectbase.cpp:1783]: HOI4_FACTORY_TRACKER| 1:00, 1 November, 1939|PER|15|10|0
[15:23:08][1939.11.01.01][effectbase.cpp:1799]: [15:23:08][1939.11.01.01][effectbase.cpp:1783]: HOI4_FACTORY_TRACKER| 1:00, 1 November, 1939|MAL|7|6|4
[15:23:08][1939.11.01.01][effectbase.cpp:1799]: [15:23:08][1939.11.01.01][effectbase.cpp:1783]: HOI4_FACTORY_TRACKER| 1:00, 1 November, 1939|INS|13|7|2
[15:23:08][1939.11.01.01][effectbase.cpp:1799]: [15:23:08][1939.11.01.01][effectbase.cpp:1783]: HOI4_FACTORY_TRACKER| 1:00, 1 November, 1939|AFA|0|0|0
[15:23:08][1939.11.01.01][effectbase.cpp:1799]: [15:23:31][1939.12.01.01][effectbase.cpp:1783]: HOI4_FACTORY_TRACKER| 1:00, 1 December, 1939|ADT|249|106|55
[15:23:31][1939.12.01.01][effectbase.cpp:1799]: [15:23:31][1939.12.01.01][effectbase.cpp:1783]: HOI4_FACTORY_TRACKER| 1:00, 1 December, 1939|SWE|36|16|4
[15:23:31][1939.12.01.01][effectbase.cpp:1799]: [15:23:31][1939.12.01.01][effectbase.cpp:1783]: HOI4_FACTORY_TRACKER| 1:00, 1 December, 1939|LUX|6|4|0
[15:23:31][1939.12.01.01][effectbase.cpp:1799]: [15:23:31][1939.12.01.01][effectbase.cpp:1783]: HOI4_FACTORY_TRACKER| 1:00, 1 December, 1939|BEL|30|15|0
[15:23:31][1939.12.01.01][effectbase.cpp:1799]: [15:23:31][1939.12.01.01][effectbase.cpp:1783]: HOI4_FACTORY_TRACKER| 1:00, 1 December, 1939|HOL|18|10|4
[15:23:31][1939.12.01.01][effectbase.cpp:1799]: [15:23:31][1939.12.01.01][effectbase.cpp:1783]: HOI4_FACTORY_TRACKER| 1:00, 1 December, 1939|CZE|27|24|0
[15:23:31][1939.12.01.01][effectbase.cpp:1799]: [15:23:31][1939.12.01.01][effectbase.cpp:1783]: HOI4_FACTORY_TRACKER| 1:00, 1 December, 1939|POL|31|25|8
[15:23:31][1939.12.01.01][effectbase.cpp:1799]: [15:23:31][1939.12.01.01][effectbase.cpp:1783]: HOI4_FACTORY_TRACKER| 1:00, 1 December, 1939|AUS|29|21|0
[15:23:31][1939.12.01.01][effectbase.cpp:1799]: [15:23:31][1939.12.01.01][effectbase.cpp:1783]: HOI4_FACTORY_TRACKER| 1:00, 1 December, 1939|LIT|13|2|0
[15:23:31][1939.12.01.01][effectbase.cpp:1799]: [15:23:31][1939.12.01.01][effectbase.cpp:1783]: HOI4_FACTORY_TRACKER| 1:00, 1 December, 1939|EST|22|13|0
[15:23:31][1939.12.01.01][effectbase.cpp:1799]: [15:23:31][1939.12.01.01][effectbase.cpp:1783]: HOI4_FACTORY_TRACKER| 1:00, 1 December, 1939|LAT|18|7|1
[15:23:31][1939.12.01.01][effectbase.cpp:1799]: [15:23:31][1939.12.01.01][effectbase.cpp:1783]: HOI4_FACTORY_TRACKER| 1:00, 1 December, 1939|YUG|24|10|3
[15:23:31][1939.12.01.01][effectbase.cpp:1799]: [15:23:31][1939.12.01.01][effectbase.cpp:1783]: HOI4_FACTORY_TRACKER| 1:00, 1 December, 1939|SWI|20|9|0
[15:23:31][1939.12.01.01][effectbase.cpp:1799]: [15:23:31][1939.12.01.01][effectbase.cpp:1783]: HOI4_FACTORY_TRACKER| 1:00, 1 December, 1939|GRE|13|5|5
[15:23:31][1939.12.01.01][effectbase.cpp:1799]: [15:23:31][1939.12.01.01][effectbase.cpp:1783]: HOI4_FACTORY_TRACKER| 1:00, 1 December, 1939|ALB|8|4|0
[15:23:31][1939.12.01.01][effectbase.cpp:1799]: [15:23:31][1939.12.01.01][effectbase.cpp:1783]: HOI4_FACTORY_TRACKER| 1:00, 1 December, 1939|NOR|23|14|4
[15:23:31][1939.12.01.01][effectbase.cpp:1799]: [15:23:31][1939.12.01.01][effectbase.cpp:1783]: HOI4_FACTORY_TRACKER| 1:00, 1 December, 1939|DEN|22|8|4
[15:23:31][1939.12.01.01][effectbase.cpp:1799]: [15:23:31][1939.12.01.01][effectbase.cpp:1783]: HOI4_FACTORY_TRACKER| 1:00, 1 December, 1939|POR|19|9|10
[15:23:31][1939.12.01.01][effectbase.cpp:1799]: [15:23:31][1939.12.01.01][effectbase.cpp:1783]: HOI4_FACTORY_TRACKER| 1:00, 1 December, 1939|IRE|20|7|0
[15:23:31][1939.12.01.01][effectbase.cpp:1799]: [15:23:31][1939.12.01.01][effectbase.cpp:1783]: HOI4_FACTORY_TRACKER| 1:00, 1 December, 1939|ETH|4|5|0
[15:23:31][1939.12.01.01][effectbase.cpp:1799]: [15:23:31][1939.12.01.01][effectbase.cpp:1783]: HOI4_FACTORY_TRACKER| 1:00, 1 December, 1939|PER|15|10|0
[15:23:31][1939.12.01.01][effectbase.cpp:1799]: [15:23:31][1939.12.01.01][effectbase.cpp:1783]: HOI4_FACTORY_TRACKER| 1:00, 1 December, 1939|MAL|7|6|4
[15:23:31][1939.12.01.01][effectbase.cpp:1799]: [15:23:31][1939.12.01.01][effectbase.cpp:1783]: HOI4_FACTORY_TRACKER| 1:00, 1 December, 1939|INS|13|7|2
[15:23:31][1939.12.01.01][effectbase.cpp:1799]: [15:23:31][1939.12.01.01][effectbase.cpp:1783]: HOI4_FACTORY_TRACKER| 1:00, 1 December, 1939|AFA|0|0|0
[15:23:31][1939.12.01.01][effectbase.cpp:1799]: [15:23:55][1939.12.30.07][effectbase.cpp:1783]: random event 1
[15:23:55][1939.12.30.07][effectbase.cpp:1799]: [15:23:56][1940.01.01.01][effectbase.cpp:1783]: HOI4_FACTORY_TRACKER| 1:00, 1 January, 1940|ADT|251|107|56
[15:23:56][1940.01.01.01][effectbase.cpp:1799]: [15:23:56][1940.01.01.01][effectbase.cpp:1783]: HOI4_FACTORY_TRACKER| 1:00, 1 January, 1940|SWE|37|16|4
[15:23:56][1940.01.01.01][effectbase.cpp:1799]: [15:23:56][1940.01.01.01][effectbase.cpp:1783]: HOI4_FACTORY_TRACKER| 1:00, 1 January, 1940|LUX|6|4|0
[15:23:56][1940.01.01.01][effectbase.cpp:1799]: [15:23:56][1940.01.01.01][effectbase.cpp:1783]: HOI4_FACTORY_TRACKER| 1:00, 1 January, 1940|BEL|27|16|0
[15:23:56][1940.01.01.01][effectbase.cpp:1799]: [15:23:56][1940.01.01.01][effectbase.cpp:1783]: HOI4_FACTORY_TRACKER| 1:00, 1 January, 1940|HOL|18|10|4
[15:23:56][1940.01.01.01][effectbase.cpp:1799]: [15:23:56][1940.01.01.01][effectbase.cpp:1783]: HOI4_FACTORY_TRACKER| 1:00, 1 January, 1940|CZE|27|25|0
[15:23:56][1940.01.01.01][effectbase.cpp:1799]: [15:23:56][1940.01.01.01][effectbase.cpp:1783]: HOI4_FACTORY_TRACKER| 1:00, 1 January, 1940|POL|31|25|8
[15:23:56][1940.01.01.01][effectbase.cpp:1799]: [15:23:56][1940.01.01.01][effectbase.cpp:1783]: HOI4_FACTORY_TRACKER| 1:00, 1 January, 1940|AUS|29|21|0
[15:23:56][1940.01.01.01][effectbase.cpp:1799]: [15:23:56][1940.01.01.01][effectbase.cpp:1783]: HOI4_FACTORY_TRACKER| 1:00, 1 January, 1940|LIT|13|2|0
[15:23:56][1940.01.01.01][effectbase.cpp:1799]: [15:23:56][1940.01.01.01][effectbase.cpp:1783]: HOI4_FACTORY_TRACKER| 1:00, 1 January, 1940|EST|22|13|0
[15:23:56][1940.01.01.01][effectbase.cpp:1799]: [15:23:56][1940.01.01.01][effectbase.cpp:1783]: HOI4_FACTORY_TRACKER| 1:00, 1 January, 1940|LAT|18|8|1
[15:23:56][1940.01.01.01][effectbase.cpp:1799]: [15:23:56][1940.01.01.01][effectbase.cpp:1783]: HOI4_FACTORY_TRACKER| 1:00, 1 January, 1940|YUG|25|10|3
[15:23:56][1940.01.01.01][effectbase.cpp:1799]: [15:23:56][1940.01.01.01][effectbase.cpp:1783]: HOI4_FACTORY_TRACKER| 1:00, 1 January, 1940|SWI|20|10|0
[15:23:56][1940.01.01.01][effectbase.cpp:1799]: [15:23:56][1940.01.01.01][effectbase.cpp:1783]: HOI4_FACTORY_TRACKER| 1:00, 1 January, 1940|GRE|13|6|5
[15:23:56][1940.01.01.01][effectbase.cpp:1799]: [15:23:56][1940.01.01.01][effectbase.cpp:1783]: HOI4_FACTORY_TRACKER| 1:00, 1 January, 1940|ALB|8|4|0
[15:23:56][1940.01.01.01][effectbase.cpp:1799]: [15:23:56][1940.01.01.01][effectbase.cpp:1783]: HOI4_FACTORY_TRACKER| 1:00, 1 January, 1940|NOR|23|14|4
[15:23:56][1940.01.01.01][effectbase.cpp:1799]: [15:23:56][1940.01.01.01][effectbase.cpp:1783]: HOI4_FACTORY_TRACKER| 1:00, 1 January, 1940|DEN|22|9|4
[15:23:56][1940.01.01.01][effectbase.cpp:1799]: [15:23:56][1940.01.01.01][effectbase.cpp:1783]: HOI4_FACTORY_TRACKER| 1:00, 1 January, 1940|POR|20|9|10
[15:23:56][1940.01.01.01][effectbase.cpp:1799]: [15:23:56][1940.01.01.01][effectbase.cpp:1783]: HOI4_FACTORY_TRACKER| 1:00, 1 January, 1940|IRE|20|7|0
[15:23:56][1940.01.01.01][effectbase.cpp:1799]: [15:23:56][1940.01.01.01][effectbase.cpp:1783]: HOI4_FACTORY_TRACKER| 1:00, 1 January, 1940|ETH|5|5|0
[15:23:56][1940.01.01.01][effectbase.cpp:1799]: [15:23:56][1940.01.01.01][effectbase.cpp:1783]: HOI4_FACTORY_TRACKER| 1:00, 1 January, 1940|PER|15|10|0
[15:23:56][1940.01.01.01][effectbase.cpp:1799]: [15:23:56][1940.01.01.01][effectbase.cpp:1783]: HOI4_FACTORY_TRACKER| 1:00, 1 January, 1940|MAL|8|6|4
[15:23:56][1940.01.01.01][effectbase.cpp:1799]: [15:23:56][1940.01.01.01][effectbase.cpp:1783]: HOI4_FACTORY_TRACKER| 1:00, 1 January, 1940|INS|13|7|2
[15:23:56][1940.01.01.01][effectbase.cpp:1799]: [15:23:56][1940.01.01.01][effectbase.cpp:1783]: HOI4_FACTORY_TRACKER| 1:00, 1 January, 1940|AFA|0|0|0
[15:23:56][1940.01.01.01][effectbase.cpp:1799]: [15:24:28][1940.02.01.01][effectbase.cpp:1783]: HOI4_FACTORY_TRACKER| 1:00, 1 February, 1940|ADT|252|107|56
[15:24:28][1940.02.01.01][effectbase.cpp:1799]: [15:24:28][1940.02.01.01][effectbase.cpp:1783]: HOI4_FACTORY_TRACKER| 1:00, 1 February, 1940|SWE|40|17|4
[15:24:28][1940.02.01.01][effectbase.cpp:1799]: [15:24:28][1940.02.01.01][effectbase.cpp:1783]: HOI4_FACTORY_TRACKER| 1:00, 1 February, 1940|LUX|7|4|0
[15:24:28][1940.02.01.01][effectbase.cpp:1799]: [15:24:28][1940.02.01.01][effectbase.cpp:1783]: HOI4_FACTORY_TRACKER| 1:00, 1 February, 1940|BEL|27|19|0
[15:24:28][1940.02.01.01][effectbase.cpp:1799]: [15:24:28][1940.02.01.01][effectbase.cpp:1783]: HOI4_FACTORY_TRACKER| 1:00, 1 February, 1940|HOL|18|10|4
[15:24:28][1940.02.01.01][effectbase.cpp:1799]: [15:24:28][1940.02.01.01][effectbase.cpp:1783]: HOI4_FACTORY_TRACKER| 1:00, 1 February, 1940|CZE|27|26|0
[15:24:28][1940.02.01.01][effectbase.cpp:1799]: [15:24:28][1940.02.01.01][effectbase.cpp:1783]: HOI4_FACTORY_TRACKER| 1:00, 1 February, 1940|POL|31|26|8
[15:24:28][1940.02.01.01][effectbase.cpp:1799]: [15:24:28][1940.02.01.01][effectbase.cpp:1783]: HOI4_FACTORY_TRACKER| 1:00, 1 February, 1940|AUS|30|21|0
[15:24:28][1940.02.01.01][effectbase.cpp:1799]: [15:24:28][1940.02.01.01][effectbase.cpp:1783]: HOI4_FACTORY_TRACKER| 1:00, 1 February, 1940|LIT|13|2|0
[15:24:28][1940.02.01.01][effectbase.cpp:1799]: [15:24:28][1940.02.01.01][effectbase.cpp:1783]: HOI4_FACTORY_TRACKER| 1:00, 1 February, 1940|EST|23|13|0
[15:24:28][1940.02.01.01][effectbase.cpp:1799]: [15:24:28][1940.02.01.01][effectbase.cpp:1783]: HOI4_FACTORY_TRACKER| 1:00, 1 February, 1940|LAT|18|9|1
[15:24:28][1940.02.01.01][effectbase.cpp:1799]: [15:24:28][1940.02.01.01][effectbase.cpp:1783]: HOI4_FACTORY_TRACKER| 1:00, 1 February, 1940|YUG|25|10|3
[15:24:28][1940.02.01.01][effectbase.cpp:1799]: [15:24:28][1940.02.01.01][effectbase.cpp:1783]: HOI4_FACTORY_TRACKER| 1:00, 1 February, 1940|SWI|20|11|0
[15:24:28][1940.02.01.01][effectbase.cpp:1799]: [15:24:28][1940.02.01.01][effectbase.cpp:1783]: HOI4_FACTORY_TRACKER| 1:00, 1 February, 1940|GRE|13|6|5
[15:24:28][1940.02.01.01][effectbase.cpp:1799]: [15:24:28][1940.02.01.01][effectbase.cpp:1783]: HOI4_FACTORY_TRACKER| 1:00, 1 February, 1940|ALB|8|4|0
[15:24:28][1940.02.01.01][effectbase.cpp:1799]: [15:24:28][1940.02.01.01][effectbase.cpp:1783]: HOI4_FACTORY_TRACKER| 1:00, 1 February, 1940|NOR|23|15|4
[15:24:28][1940.02.01.01][effectbase.cpp:1799]: [15:24:28][1940.02.01.01][effectbase.cpp:1783]: HOI4_FACTORY_TRACKER| 1:00, 1 February, 1940|DEN|22|9|4
[15:24:28][1940.02.01.01][effectbase.cpp:1799]: [15:24:28][1940.02.01.01][effectbase.cpp:1783]: HOI4_FACTORY_TRACKER| 1:00, 1 February, 1940|POR|19|9|10
[15:24:28][1940.02.01.01][effectbase.cpp:1799]: [15:24:28][1940.02.01.01][effectbase.cpp:1783]: HOI4_FACTORY_TRACKER| 1:00, 1 February, 1940|IRE|20|8|0
[15:24:28][1940.02.01.01][effectbase.cpp:1799]: [15:24:28][1940.02.01.01][effectbase.cpp:1783]: HOI4_FACTORY_TRACKER| 1:00, 1 February, 1940|ETH|5|5|0
[15:24:28][1940.02.01.01][effectbase.cpp:1799]: [15:24:28][1940.02.01.01][effectbase.cpp:1783]: HOI4_FACTORY_TRACKER| 1:00, 1 February, 1940|PER|15|10|0
[15:24:28][1940.02.01.01][effectbase.cpp:1799]: [15:24:28][1940.02.01.01][effectbase.cpp:1783]: HOI4_FACTORY_TRACKER| 1:00, 1 February, 1940|MAL|8|6|4
[15:24:28][1940.02.01.01][effectbase.cpp:1799]: [15:24:28][1940.02.01.01][effectbase.cpp:1783]: HOI4_FACTORY_TRACKER| 1:00, 1 February, 1940|INS|13|7|2
[15:24:28][1940.02.01.01][effectbase.cpp:1799]: [15:24:28][1940.02.01.01][effectbase.cpp:1783]: HOI4_FACTORY_TRACKER| 1:00, 1 February, 1940|AFA|0|0|0
[15:24:28][1940.02.01.01][effectbase.cpp:1799]: [15:24:50][1940.03.01.01][effectbase.cpp:1783]: HOI4_FACTORY_TRACKER| 1:00, 1 March, 1940|ADT|254|108|56
[15:24:50][1940.03.01.01][effectbase.cpp:1799]: [15:24:50][1940.03.01.01][effectbase.cpp:1783]: HOI4_FACTORY_TRACKER| 1:00, 1 March, 1940|SWE|43|19|4
[15:24:50][1940.03.01.01][effectbase.cpp:1799]: [15:24:50][1940.03.01.01][effectbase.cpp:1783]: HOI4_FACTORY_TRACKER| 1:00, 1 March, 1940|LUX|7|4|0
[15:24:50][1940.03.01.01][effectbase.cpp:1799]: [15:24:50][1940.03.01.01][effectbase.cpp:1783]: HOI4_FACTORY_TRACKER| 1:00, 1 March, 1940|BEL|27|19|0
[15:24:50][1940.03.01.01][effectbase.cpp:1799]: [15:24:50][1940.03.01.01][effectbase.cpp:1783]: HOI4_FACTORY_TRACKER| 1:00, 1 March, 1940|HOL|18|10|4
[15:24:50][1940.03.01.01][effectbase.cpp:1799]: [15:24:50][1940.03.01.01][effectbase.cpp:1783]: HOI4_FACTORY_TRACKER| 1:00, 1 March, 1940|CZE|27|26|0
[15:24:50][1940.03.01.01][effectbase.cpp:1799]: [15:24:50][1940.03.01.01][effectbase.cpp:1783]: HOI4_FACTORY_TRACKER| 1:00, 1 March, 1940|POL|31|27|8
[15:24:50][1940.03.01.01][effectbase.cpp:1799]: [15:24:50][1940.03.01.01][effectbase.cpp:1783]: HOI4_FACTORY_TRACKER| 1:00, 1 March, 1940|AUS|30|21|0
[15:24:50][1940.03.01.01][effectbase.cpp:1799]: [15:24:50][1940.03.01.01][effectbase.cpp:1783]: HOI4_FACTORY_TRACKER| 1:00, 1 March, 1940|LIT|14|2|0
[15:24:50][1940.03.01.01][effectbase.cpp:1799]: [15:24:50][1940.03.01.01][effectbase.cpp:1783]: HOI4_FACTORY_TRACKER| 1:00, 1 March, 1940|EST|23|17|0
[15:24:50][1940.03.01.01][effectbase.cpp:1799]: [15:24:50][1940.03.01.01][effectbase.cpp:1783]: HOI4_FACTORY_TRACKER| 1:00, 1 March, 1940|LAT|18|9|1
[15:24:50][1940.03.01.01][effectbase.cpp:1799]: [15:24:50][1940.03.01.01][effectbase.cpp:1783]: HOI4_FACTORY_TRACKER| 1:00, 1 March, 1940|YUG|25|10|3
[15:24:50][1940.03.01.01][effectbase.cpp:1799]: [15:24:50][1940.03.01.01][effectbase.cpp:1783]: HOI4_FACTORY_TRACKER| 1:00, 1 March, 1940|SWI|20|11|0
[15:24:50][1940.03.01.01][effectbase.cpp:1799]: [15:24:50][1940.03.01.01][effectbase.cpp:1783]: HOI4_FACTORY_TRACKER| 1:00, 1 March, 1940|GRE|13|6|5
[15:24:50][1940.03.01.01][effectbase.cpp:1799]: [15:24:50][1940.03.01.01][effectbase.cpp:1783]: HOI4_FACTORY_TRACKER| 1:00, 1 March, 1940|ALB|8|4|0
[15:24:50][1940.03.01.01][effectbase.cpp:1799]: [15:24:50][1940.03.01.01][effectbase.cpp:1783]: HOI4_FACTORY_TRACKER| 1:00, 1 March, 1940|NOR|23|15|4
[15:24:50][1940.03.01.01][effectbase.cpp:1799]: [15:24:50][1940.03.01.01][effectbase.cpp:1783]: HOI4_FACTORY_TRACKER| 1:00, 1 March, 1940|DEN|22|10|4
[15:24:50][1940.03.01.01][effectbase.cpp:1799]: [15:24:50][1940.03.01.01][effectbase.cpp:1783]: HOI4_FACTORY_TRACKER| 1:00, 1 March, 1940|POR|19|10|10
[15:24:50][1940.03.01.01][effectbase.cpp:1799]: [15:24:50][1940.03.01.01][effectbase.cpp:1783]: HOI4_FACTORY_TRACKER| 1:00, 1 March, 1940|IRE|20|8|0
[15:24:50][1940.03.01.01][effectbase.cpp:1799]: [15:24:50][1940.03.01.01][effectbase.cpp:1783]: HOI4_FACTORY_TRACKER| 1:00, 1 March, 1940|ETH|6|5|0
[15:24:50][1940.03.01.01][effectbase.cpp:1799]: [15:24:50][1940.03.01.01][effectbase.cpp:1783]: HOI4_FACTORY_TRACKER| 1:00, 1 March, 1940|PER|15|10|0
[15:24:50][1940.03.01.01][effectbase.cpp:1799]: [15:24:50][1940.03.01.01][effectbase.cpp:1783]: HOI4_FACTORY_TRACKER| 1:00, 1 March, 1940|MAL|7|6|4
[15:24:50][1940.03.01.01][effectbase.cpp:1799]: [15:24:50][1940.03.01.01][effectbase.cpp:1783]: HOI4_FACTORY_TRACKER| 1:00, 1 March, 1940|INS|13|7|2
[15:24:50][1940.03.01.01][effectbase.cpp:1799]: [15:24:50][1940.03.01.01][effectbase.cpp:1783]: HOI4_FACTORY_TRACKER| 1:00, 1 March, 1940|AFA|0|0|0
[15:24:50][1940.03.01.01][effectbase.cpp:1799]: [15:24:55][1940.03.06.03][effectbase.cpp:1783]: random 3: weapons manufactory  
[15:24:55][1940.03.06.03][effectbase.cpp:1799]: [15:25:16][1940.04.01.01][effectbase.cpp:1783]: HOI4_FACTORY_TRACKER| 1:00, 1 April, 1940|ADT|255|108|56
[15:25:16][1940.04.01.01][effectbase.cpp:1799]: [15:25:16][1940.04.01.01][effectbase.cpp:1783]: HOI4_FACTORY_TRACKER| 1:00, 1 April, 1940|SWE|43|20|4
[15:25:16][1940.04.01.01][effectbase.cpp:1799]: [15:25:16][1940.04.01.01][effectbase.cpp:1783]: HOI4_FACTORY_TRACKER| 1:00, 1 April, 1940|LUX|7|5|0
[15:25:16][1940.04.01.01][effectbase.cpp:1799]: [15:25:16][1940.04.01.01][effectbase.cpp:1783]: HOI4_FACTORY_TRACKER| 1:00, 1 April, 1940|BEL|28|19|0
[15:25:16][1940.04.01.01][effectbase.cpp:1799]: [15:25:16][1940.04.01.01][effectbase.cpp:1783]: HOI4_FACTORY_TRACKER| 1:00, 1 April, 1940|HOL|19|10|4
[15:25:16][1940.04.01.01][effectbase.cpp:1799]: [15:25:16][1940.04.01.01][effectbase.cpp:1783]: HOI4_FACTORY_TRACKER| 1:00, 1 April, 1940|CZE|27|26|0
[15:25:16][1940.04.01.01][effectbase.cpp:1799]: [15:25:16][1940.04.01.01][effectbase.cpp:1783]: HOI4_FACTORY_TRACKER| 1:00, 1 April, 1940|POL|33|28|8
[15:25:16][1940.04.01.01][effectbase.cpp:1799]: [15:25:16][1940.04.01.01][effectbase.cpp:1783]: HOI4_FACTORY_TRACKER| 1:00, 1 April, 1940|AUS|31|21|0
[15:25:16][1940.04.01.01][effectbase.cpp:1799]: [15:25:16][1940.04.01.01][effectbase.cpp:1783]: HOI4_FACTORY_TRACKER| 1:00, 1 April, 1940|LIT|14|2|0
[15:25:16][1940.04.01.01][effectbase.cpp:1799]: [15:25:16][1940.04.01.01][effectbase.cpp:1783]: HOI4_FACTORY_TRACKER| 1:00, 1 April, 1940|EST|23|17|0
[15:25:16][1940.04.01.01][effectbase.cpp:1799]: [15:25:16][1940.04.01.01][effectbase.cpp:1783]: HOI4_FACTORY_TRACKER| 1:00, 1 April, 1940|LAT|18|9|1
[15:25:16][1940.04.01.01][effectbase.cpp:1799]: [15:25:16][1940.04.01.01][effectbase.cpp:1783]: HOI4_FACTORY_TRACKER| 1:00, 1 April, 1940|YUG|25|11|3
[15:25:16][1940.04.01.01][effectbase.cpp:1799]: [15:25:16][1940.04.01.01][effectbase.cpp:1783]: HOI4_FACTORY_TRACKER| 1:00, 1 April, 1940|SWI|20|11|0
[15:25:16][1940.04.01.01][effectbase.cpp:1799]: [15:25:16][1940.04.01.01][effectbase.cpp:1783]: HOI4_FACTORY_TRACKER| 1:00, 1 April, 1940|GRE|14|6|5
[15:25:16][1940.04.01.01][effectbase.cpp:1799]: [15:25:16][1940.04.01.01][effectbase.cpp:1783]: HOI4_FACTORY_TRACKER| 1:00, 1 April, 1940|ALB|8|4|0
[15:25:16][1940.04.01.01][effectbase.cpp:1799]: [15:25:16][1940.04.01.01][effectbase.cpp:1783]: HOI4_FACTORY_TRACKER| 1:00, 1 April, 1940|NOR|23|15|4
[15:25:16][1940.04.01.01][effectbase.cpp:1799]: [15:25:16][1940.04.01.01][effectbase.cpp:1783]: HOI4_FACTORY_TRACKER| 1:00, 1 April, 1940|DEN|22|10|4
[15:25:16][1940.04.01.01][effectbase.cpp:1799]: [15:25:16][1940.04.01.01][effectbase.cpp:1783]: HOI4_FACTORY_TRACKER| 1:00, 1 April, 1940|POR|19|10|10
[15:25:16][1940.04.01.01][effectbase.cpp:1799]: [15:25:16][1940.04.01.01][effectbase.cpp:1783]: HOI4_FACTORY_TRACKER| 1:00, 1 April, 1940|IRE|20|9|0
[15:25:16][1940.04.01.01][effectbase.cpp:1799]: [15:25:16][1940.04.01.01][effectbase.cpp:1783]: HOI4_FACTORY_TRACKER| 1:00, 1 April, 1940|ETH|6|5|0
[15:25:16][1940.04.01.01][effectbase.cpp:1799]: [15:25:16][1940.04.01.01][effectbase.cpp:1783]: HOI4_FACTORY_TRACKER| 1:00, 1 April, 1940|PER|16|10|0
[15:25:16][1940.04.01.01][effectbase.cpp:1799]: [15:25:16][1940.04.01.01][effectbase.cpp:1783]: HOI4_FACTORY_TRACKER| 1:00, 1 April, 1940|MAL|7|6|4
[15:25:16][1940.04.01.01][effectbase.cpp:1799]: [15:25:16][1940.04.01.01][effectbase.cpp:1783]: HOI4_FACTORY_TRACKER| 1:00, 1 April, 1940|INS|13|7|2
[15:25:16][1940.04.01.01][effectbase.cpp:1799]: [15:25:16][1940.04.01.01][effectbase.cpp:1783]: HOI4_FACTORY_TRACKER| 1:00, 1 April, 1940|AFA|0|0|0
[15:25:16][1940.04.01.01][effectbase.cpp:1799]: [15:25:40][1940.05.01.01][effectbase.cpp:1783]: HOI4_FACTORY_TRACKER| 1:00, 1 May, 1940|ADT|257|109|57
[15:25:40][1940.05.01.01][effectbase.cpp:1799]: [15:25:40][1940.05.01.01][effectbase.cpp:1783]: HOI4_FACTORY_TRACKER| 1:00, 1 May, 1940|SWE|44|21|4
[15:25:40][1940.05.01.01][effectbase.cpp:1799]: [15:25:40][1940.05.01.01][effectbase.cpp:1783]: HOI4_FACTORY_TRACKER| 1:00, 1 May, 1940|LUX|7|5|0
[15:25:40][1940.05.01.01][effectbase.cpp:1799]: [15:25:40][1940.05.01.01][effectbase.cpp:1783]: HOI4_FACTORY_TRACKER| 1:00, 1 May, 1940|BEL|28|20|0
[15:25:40][1940.05.01.01][effectbase.cpp:1799]: [15:25:40][1940.05.01.01][effectbase.cpp:1783]: HOI4_FACTORY_TRACKER| 1:00, 1 May, 1940|HOL|19|10|4
[15:25:40][1940.05.01.01][effectbase.cpp:1799]: [15:25:40][1940.05.01.01][effectbase.cpp:1783]: HOI4_FACTORY_TRACKER| 1:00, 1 May, 1940|CZE|27|26|0
[15:25:40][1940.05.01.01][effectbase.cpp:1799]: [15:25:40][1940.05.01.01][effectbase.cpp:1783]: HOI4_FACTORY_TRACKER| 1:00, 1 May, 1940|POL|34|29|8
[15:25:40][1940.05.01.01][effectbase.cpp:1799]: [15:25:40][1940.05.01.01][effectbase.cpp:1783]: HOI4_FACTORY_TRACKER| 1:00, 1 May, 1940|AUS|31|22|0
[15:25:40][1940.05.01.01][effectbase.cpp:1799]: [15:25:40][1940.05.01.01][effectbase.cpp:1783]: HOI4_FACTORY_TRACKER| 1:00, 1 May, 1940|LIT|14|2|0
[15:25:40][1940.05.01.01][effectbase.cpp:1799]: [15:25:40][1940.05.01.01][effectbase.cpp:1783]: HOI4_FACTORY_TRACKER| 1:00, 1 May, 1940|EST|23|17|2
[15:25:40][1940.05.01.01][effectbase.cpp:1799]: [15:25:40][1940.05.01.01][effectbase.cpp:1783]: HOI4_FACTORY_TRACKER| 1:00, 1 May, 1940|LAT|18|9|1
[15:25:40][1940.05.01.01][effectbase.cpp:1799]: [15:25:40][1940.05.01.01][effectbase.cpp:1783]: HOI4_FACTORY_TRACKER| 1:00, 1 May, 1940|YUG|25|11|3
[15:25:40][1940.05.01.01][effectbase.cpp:1799]: [15:25:40][1940.05.01.01][effectbase.cpp:1783]: HOI4_FACTORY_TRACKER| 1:00, 1 May, 1940|SWI|20|12|0
[15:25:40][1940.05.01.01][effectbase.cpp:1799]: [15:25:40][1940.05.01.01][effectbase.cpp:1783]: HOI4_FACTORY_TRACKER| 1:00, 1 May, 1940|GRE|14|6|5
[15:25:40][1940.05.01.01][effectbase.cpp:1799]: [15:25:40][1940.05.01.01][effectbase.cpp:1783]: HOI4_FACTORY_TRACKER| 1:00, 1 May, 1940|ALB|8|4|0
[15:25:40][1940.05.01.01][effectbase.cpp:1799]: [15:25:40][1940.05.01.01][effectbase.cpp:1783]: HOI4_FACTORY_TRACKER| 1:00, 1 May, 1940|NOR|23|15|4
[15:25:40][1940.05.01.01][effectbase.cpp:1799]: [15:25:40][1940.05.01.01][effectbase.cpp:1783]: HOI4_FACTORY_TRACKER| 1:00, 1 May, 1940|DEN|22|11|4
[15:25:40][1940.05.01.01][effectbase.cpp:1799]: [15:25:40][1940.05.01.01][effectbase.cpp:1783]: HOI4_FACTORY_TRACKER| 1:00, 1 May, 1940|POR|20|10|11
[15:25:40][1940.05.01.01][effectbase.cpp:1799]: [15:25:40][1940.05.01.01][effectbase.cpp:1783]: HOI4_FACTORY_TRACKER| 1:00, 1 May, 1940|IRE|20|9|0
[15:25:40][1940.05.01.01][effectbase.cpp:1799]: [15:25:40][1940.05.01.01][effectbase.cpp:1783]: HOI4_FACTORY_TRACKER| 1:00, 1 May, 1940|ETH|6|5|0
[15:25:40][1940.05.01.01][effectbase.cpp:1799]: [15:25:40][1940.05.01.01][effectbase.cpp:1783]: HOI4_FACTORY_TRACKER| 1:00, 1 May, 1940|PER|16|10|0
[15:25:40][1940.05.01.01][effectbase.cpp:1799]: [15:25:40][1940.05.01.01][effectbase.cpp:1783]: HOI4_FACTORY_TRACKER| 1:00, 1 May, 1940|MAL|7|6|4
[15:25:40][1940.05.01.01][effectbase.cpp:1799]: [15:25:40][1940.05.01.01][effectbase.cpp:1783]: HOI4_FACTORY_TRACKER| 1:00, 1 May, 1940|INS|14|7|2
[15:25:40][1940.05.01.01][effectbase.cpp:1799]: [15:25:40][1940.05.01.01][effectbase.cpp:1783]: HOI4_FACTORY_TRACKER| 1:00, 1 May, 1940|AFA|0|2|0
[15:25:40][1940.05.01.01][effectbase.cpp:1799]: [15:26:04][1940.06.01.01][effectbase.cpp:1783]: HOI4_FACTORY_TRACKER| 1:00, 1 June, 1940|ADT|259|110|57
[15:26:04][1940.06.01.01][effectbase.cpp:1799]: [15:26:04][1940.06.01.01][effectbase.cpp:1783]: HOI4_FACTORY_TRACKER| 1:00, 1 June, 1940|SWE|44|22|4
[15:26:04][1940.06.01.01][effectbase.cpp:1799]: [15:26:04][1940.06.01.01][effectbase.cpp:1783]: HOI4_FACTORY_TRACKER| 1:00, 1 June, 1940|LUX|8|5|0
[15:26:04][1940.06.01.01][effectbase.cpp:1799]: [15:26:04][1940.06.01.01][effectbase.cpp:1783]: HOI4_FACTORY_TRACKER| 1:00, 1 June, 1940|BEL|28|21|0
[15:26:04][1940.06.01.01][effectbase.cpp:1799]: [15:26:04][1940.06.01.01][effectbase.cpp:1783]: HOI4_FACTORY_TRACKER| 1:00, 1 June, 1940|HOL|19|10|4
[15:26:04][1940.06.01.01][effectbase.cpp:1799]: [15:26:04][1940.06.01.01][effectbase.cpp:1783]: HOI4_FACTORY_TRACKER| 1:00, 1 June, 1940|CZE|27|28|0
[15:26:04][1940.06.01.01][effectbase.cpp:1799]: [15:26:04][1940.06.01.01][effectbase.cpp:1783]: HOI4_FACTORY_TRACKER| 1:00, 1 June, 1940|POL|34|30|8
[15:26:04][1940.06.01.01][effectbase.cpp:1799]: [15:26:04][1940.06.01.01][effectbase.cpp:1783]: HOI4_FACTORY_TRACKER| 1:00, 1 June, 1940|AUS|31|22|0
[15:26:04][1940.06.01.01][effectbase.cpp:1799]: [15:26:04][1940.06.01.01][effectbase.cpp:1783]: HOI4_FACTORY_TRACKER| 1:00, 1 June, 1940|LIT|14|3|0
[15:26:04][1940.06.01.01][effectbase.cpp:1799]: [15:26:04][1940.06.01.01][effectbase.cpp:1783]: HOI4_FACTORY_TRACKER| 1:00, 1 June, 1940|EST|23|17|2
[15:26:04][1940.06.01.01][effectbase.cpp:1799]: [15:26:04][1940.06.01.01][effectbase.cpp:1783]: HOI4_FACTORY_TRACKER| 1:00, 1 June, 1940|LAT|19|9|1
[15:26:04][1940.06.01.01][effectbase.cpp:1799]: [15:26:04][1940.06.01.01][effectbase.cpp:1783]: HOI4_FACTORY_TRACKER| 1:00, 1 June, 1940|YUG|25|12|3
[15:26:04][1940.06.01.01][effectbase.cpp:1799]: [15:26:04][1940.06.01.01][effectbase.cpp:1783]: HOI4_FACTORY_TRACKER| 1:00, 1 June, 1940|SWI|20|12|0
[15:26:04][1940.06.01.01][effectbase.cpp:1799]: [15:26:04][1940.06.01.01][effectbase.cpp:1783]: HOI4_FACTORY_TRACKER| 1:00, 1 June, 1940|GRE|14|7|5
[15:26:04][1940.06.01.01][effectbase.cpp:1799]: [15:26:04][1940.06.01.01][effectbase.cpp:1783]: HOI4_FACTORY_TRACKER| 1:00, 1 June, 1940|ALB|8|4|3
[15:26:04][1940.06.01.01][effectbase.cpp:1799]: [15:26:04][1940.06.01.01][effectbase.cpp:1783]: HOI4_FACTORY_TRACKER| 1:00, 1 June, 1940|NOR|26|15|4
[15:26:04][1940.06.01.01][effectbase.cpp:1799]: [15:26:04][1940.06.01.01][effectbase.cpp:1783]: HOI4_FACTORY_TRACKER| 1:00, 1 June, 1940|DEN|22|11|4
[15:26:04][1940.06.01.01][effectbase.cpp:1799]: [15:26:04][1940.06.01.01][effectbase.cpp:1783]: HOI4_FACTORY_TRACKER| 1:00, 1 June, 1940|POR|20|10|11
[15:26:04][1940.06.01.01][effectbase.cpp:1799]: [15:26:04][1940.06.01.01][effectbase.cpp:1783]: HOI4_FACTORY_TRACKER| 1:00, 1 June, 1940|IRE|20|10|0
[15:26:04][1940.06.01.01][effectbase.cpp:1799]: [15:26:04][1940.06.01.01][effectbase.cpp:1783]: HOI4_FACTORY_TRACKER| 1:00, 1 June, 1940|ETH|6|5|0
[15:26:04][1940.06.01.01][effectbase.cpp:1799]: [15:26:04][1940.06.01.01][effectbase.cpp:1783]: HOI4_FACTORY_TRACKER| 1:00, 1 June, 1940|PER|16|10|0
[15:26:04][1940.06.01.01][effectbase.cpp:1799]: [15:26:04][1940.06.01.01][effectbase.cpp:1783]: HOI4_FACTORY_TRACKER| 1:00, 1 June, 1940|MAL|8|6|4
[15:26:04][1940.06.01.01][effectbase.cpp:1799]: [15:26:04][1940.06.01.01][effectbase.cpp:1783]: HOI4_FACTORY_TRACKER| 1:00, 1 June, 1940|INS|15|7|2
[15:26:04][1940.06.01.01][effectbase.cpp:1799]: [15:26:04][1940.06.01.01][effectbase.cpp:1783]: HOI4_FACTORY_TRACKER| 1:00, 1 June, 1940|AFA|0|2|0
[15:26:04][1940.06.01.01][effectbase.cpp:1799]: [15:26:25][1940.06.29.02][effectbase.cpp:1783]: random event 3
[15:26:25][1940.06.29.02][effectbase.cpp:1799]: [15:26:27][1940.07.01.01][effectbase.cpp:1783]: HOI4_FACTORY_TRACKER| 1:00, 1 July, 1940|ADT|260|110|57
[15:26:27][1940.07.01.01][effectbase.cpp:1799]: [15:26:27][1940.07.01.01][effectbase.cpp:1783]: HOI4_FACTORY_TRACKER| 1:00, 1 July, 1940|SWE|43|23|4
[15:26:27][1940.07.01.01][effectbase.cpp:1799]: [15:26:27][1940.07.01.01][effectbase.cpp:1783]: HOI4_FACTORY_TRACKER| 1:00, 1 July, 1940|LUX|8|5|0
[15:26:27][1940.07.01.01][effectbase.cpp:1799]: [15:26:27][1940.07.01.01][effectbase.cpp:1783]: HOI4_FACTORY_TRACKER| 1:00, 1 July, 1940|BEL|28|22|0
[15:26:27][1940.07.01.01][effectbase.cpp:1799]: [15:26:27][1940.07.01.01][effectbase.cpp:1783]: HOI4_FACTORY_TRACKER| 1:00, 1 July, 1940|HOL|19|11|4
[15:26:27][1940.07.01.01][effectbase.cpp:1799]: [15:26:27][1940.07.01.01][effectbase.cpp:1783]: HOI4_FACTORY_TRACKER| 1:00, 1 July, 1940|CZE|27|28|0
[15:26:27][1940.07.01.01][effectbase.cpp:1799]: [15:26:27][1940.07.01.01][effectbase.cpp:1783]: HOI4_FACTORY_TRACKER| 1:00, 1 July, 1940|POL|34|30|8
[15:26:27][1940.07.01.01][effectbase.cpp:1799]: [15:26:27][1940.07.01.01][effectbase.cpp:1783]: HOI4_FACTORY_TRACKER| 1:00, 1 July, 1940|AUS|31|22|0
[15:26:27][1940.07.01.01][effectbase.cpp:1799]: [15:26:27][1940.07.01.01][effectbase.cpp:1783]: HOI4_FACTORY_TRACKER| 1:00, 1 July, 1940|LIT|14|3|0
[15:26:27][1940.07.01.01][effectbase.cpp:1799]: [15:26:27][1940.07.01.01][effectbase.cpp:1783]: HOI4_FACTORY_TRACKER| 1:00, 1 July, 1940|EST|23|17|2
[15:26:27][1940.07.01.01][effectbase.cpp:1799]: [15:26:27][1940.07.01.01][effectbase.cpp:1783]: HOI4_FACTORY_TRACKER| 1:00, 1 July, 1940|LAT|19|10|1
[15:26:27][1940.07.01.01][effectbase.cpp:1799]: [15:26:27][1940.07.01.01][effectbase.cpp:1783]: HOI4_FACTORY_TRACKER| 1:00, 1 July, 1940|YUG|25|12|3
[15:26:27][1940.07.01.01][effectbase.cpp:1799]: [15:26:27][1940.07.01.01][effectbase.cpp:1783]: HOI4_FACTORY_TRACKER| 1:00, 1 July, 1940|SWI|20|12|0
[15:26:27][1940.07.01.01][effectbase.cpp:1799]: [15:26:27][1940.07.01.01][effectbase.cpp:1783]: HOI4_FACTORY_TRACKER| 1:00, 1 July, 1940|GRE|14|7|5
[15:26:27][1940.07.01.01][effectbase.cpp:1799]: [15:26:27][1940.07.01.01][effectbase.cpp:1783]: HOI4_FACTORY_TRACKER| 1:00, 1 July, 1940|ALB|9|4|3
[15:26:27][1940.07.01.01][effectbase.cpp:1799]: [15:26:27][1940.07.01.01][effectbase.cpp:1783]: HOI4_FACTORY_TRACKER| 1:00, 1 July, 1940|NOR|26|15|4
[15:26:27][1940.07.01.01][effectbase.cpp:1799]: [15:26:27][1940.07.01.01][effectbase.cpp:1783]: HOI4_FACTORY_TRACKER| 1:00, 1 July, 1940|DEN|22|12|4
[15:26:27][1940.07.01.01][effectbase.cpp:1799]: [15:26:27][1940.07.01.01][effectbase.cpp:1783]: HOI4_FACTORY_TRACKER| 1:00, 1 July, 1940|POR|20|10|11
[15:26:27][1940.07.01.01][effectbase.cpp:1799]: [15:26:27][1940.07.01.01][effectbase.cpp:1783]: HOI4_FACTORY_TRACKER| 1:00, 1 July, 1940|IRE|20|10|0
[15:26:27][1940.07.01.01][effectbase.cpp:1799]: [15:26:27][1940.07.01.01][effectbase.cpp:1783]: HOI4_FACTORY_TRACKER| 1:00, 1 July, 1940|ETH|6|6|0
[15:26:27][1940.07.01.01][effectbase.cpp:1799]: [15:26:27][1940.07.01.01][effectbase.cpp:1783]: HOI4_FACTORY_TRACKER| 1:00, 1 July, 1940|PER|16|10|0
[15:26:27][1940.07.01.01][effectbase.cpp:1799]: [15:26:27][1940.07.01.01][effectbase.cpp:1783]: HOI4_FACTORY_TRACKER| 1:00, 1 July, 1940|MAL|8|6|4
[15:26:27][1940.07.01.01][effectbase.cpp:1799]: [15:26:27][1940.07.01.01][effectbase.cpp:1783]: HOI4_FACTORY_TRACKER| 1:00, 1 July, 1940|INS|15|7|2
[15:26:27][1940.07.01.01][effectbase.cpp:1799]: [15:26:27][1940.07.01.01][effectbase.cpp:1783]: HOI4_FACTORY_TRACKER| 1:00, 1 July, 1940|AFA|0|2|0
[15:26:27][1940.07.01.01][effectbase.cpp:1799]: [15:26:52][1940.08.01.01][effectbase.cpp:1783]: HOI4_FACTORY_TRACKER| 1:00, 1 August, 1940|ADT|261|111|57
[15:26:52][1940.08.01.01][effectbase.cpp:1799]: [15:26:52][1940.08.01.01][effectbase.cpp:1783]: HOI4_FACTORY_TRACKER| 1:00, 1 August, 1940|SWE|43|24|4
[15:26:52][1940.08.01.01][effectbase.cpp:1799]: [15:26:52][1940.08.01.01][effectbase.cpp:1783]: HOI4_FACTORY_TRACKER| 1:00, 1 August, 1940|LUX|9|5|0
[15:26:52][1940.08.01.01][effectbase.cpp:1799]: [15:26:52][1940.08.01.01][effectbase.cpp:1783]: HOI4_FACTORY_TRACKER| 1:00, 1 August, 1940|BEL|29|22|0
[15:26:52][1940.08.01.01][effectbase.cpp:1799]: [15:26:52][1940.08.01.01][effectbase.cpp:1783]: HOI4_FACTORY_TRACKER| 1:00, 1 August, 1940|HOL|20|11|4
[15:26:52][1940.08.01.01][effectbase.cpp:1799]: [15:26:52][1940.08.01.01][effectbase.cpp:1783]: HOI4_FACTORY_TRACKER| 1:00, 1 August, 1940|CZE|28|29|0
[15:26:52][1940.08.01.01][effectbase.cpp:1799]: [15:26:52][1940.08.01.01][effectbase.cpp:1783]: HOI4_FACTORY_TRACKER| 1:00, 1 August, 1940|POL|35|30|8
[15:26:52][1940.08.01.01][effectbase.cpp:1799]: [15:26:52][1940.08.01.01][effectbase.cpp:1783]: HOI4_FACTORY_TRACKER| 1:00, 1 August, 1940|AUS|31|22|0
[15:26:52][1940.08.01.01][effectbase.cpp:1799]: [15:26:52][1940.08.01.01][effectbase.cpp:1783]: HOI4_FACTORY_TRACKER| 1:00, 1 August, 1940|LIT|14|3|0
[15:26:52][1940.08.01.01][effectbase.cpp:1799]: [15:26:52][1940.08.01.01][effectbase.cpp:1783]: HOI4_FACTORY_TRACKER| 1:00, 1 August, 1940|EST|23|19|2
[15:26:52][1940.08.01.01][effectbase.cpp:1799]: [15:26:52][1940.08.01.01][effectbase.cpp:1783]: HOI4_FACTORY_TRACKER| 1:00, 1 August, 1940|LAT|20|10|1
[15:26:52][1940.08.01.01][effectbase.cpp:1799]: [15:26:52][1940.08.01.01][effectbase.cpp:1783]: HOI4_FACTORY_TRACKER| 1:00, 1 August, 1940|YUG|25|13|3
[15:26:52][1940.08.01.01][effectbase.cpp:1799]: [15:26:52][1940.08.01.01][effectbase.cpp:1783]: HOI4_FACTORY_TRACKER| 1:00, 1 August, 1940|SWI|21|12|0
[15:26:52][1940.08.01.01][effectbase.cpp:1799]: [15:26:52][1940.08.01.01][effectbase.cpp:1783]: HOI4_FACTORY_TRACKER| 1:00, 1 August, 1940|GRE|15|7|5
[15:26:52][1940.08.01.01][effectbase.cpp:1799]: [15:26:52][1940.08.01.01][effectbase.cpp:1783]: HOI4_FACTORY_TRACKER| 1:00, 1 August, 1940|ALB|9|4|3
[15:26:52][1940.08.01.01][effectbase.cpp:1799]: [15:26:52][1940.08.01.01][effectbase.cpp:1783]: HOI4_FACTORY_TRACKER| 1:00, 1 August, 1940|NOR|26|15|4
[15:26:52][1940.08.01.01][effectbase.cpp:1799]: [15:26:52][1940.08.01.01][effectbase.cpp:1783]: HOI4_FACTORY_TRACKER| 1:00, 1 August, 1940|DEN|22|12|4
[15:26:52][1940.08.01.01][effectbase.cpp:1799]: [15:26:52][1940.08.01.01][effectbase.cpp:1783]: HOI4_FACTORY_TRACKER| 1:00, 1 August, 1940|POR|21|10|11
[15:26:52][1940.08.01.01][effectbase.cpp:1799]: [15:26:52][1940.08.01.01][effectbase.cpp:1783]: HOI4_FACTORY_TRACKER| 1:00, 1 August, 1940|IRE|20|10|0
[15:26:52][1940.08.01.01][effectbase.cpp:1799]: [15:26:52][1940.08.01.01][effectbase.cpp:1783]: HOI4_FACTORY_TRACKER| 1:00, 1 August, 1940|ETH|9|6|0
[15:26:52][1940.08.01.01][effectbase.cpp:1799]: [15:26:52][1940.08.01.01][effectbase.cpp:1783]: HOI4_FACTORY_TRACKER| 1:00, 1 August, 1940|PER|16|10|0
[15:26:52][1940.08.01.01][effectbase.cpp:1799]: [15:26:52][1940.08.01.01][effectbase.cpp:1783]: HOI4_FACTORY_TRACKER| 1:00, 1 August, 1940|MAL|8|6|4
[15:26:52][1940.08.01.01][effectbase.cpp:1799]: [15:26:52][1940.08.01.01][effectbase.cpp:1783]: HOI4_FACTORY_TRACKER| 1:00, 1 August, 1940|INS|15|7|2
[15:26:52][1940.08.01.01][effectbase.cpp:1799]: [15:26:52][1940.08.01.01][effectbase.cpp:1783]: HOI4_FACTORY_TRACKER| 1:00, 1 August, 1940|AFA|0|2|0
[15:26:52][1940.08.01.01][effectbase.cpp:1799]: [15:27:06][1940.08.20.17][effectbase.cpp:1783]: random 1: State Grows
[15:27:06][1940.08.20.17][effectbase.cpp:1799]: [15:27:14][1940.09.01.01][effectbase.cpp:1783]: HOI4_FACTORY_TRACKER| 1:00, 1 September, 1940|ADT|263|111|58
[15:27:14][1940.09.01.01][effectbase.cpp:1799]: [15:27:14][1940.09.01.01][effectbase.cpp:1783]: HOI4_FACTORY_TRACKER| 1:00, 1 September, 1940|SWE|43|25|4
[15:27:14][1940.09.01.01][effectbase.cpp:1799]: [15:27:14][1940.09.01.01][effectbase.cpp:1783]: HOI4_FACTORY_TRACKER| 1:00, 1 September, 1940|LUX|9|5|0
[15:27:14][1940.09.01.01][effectbase.cpp:1799]: [15:27:14][1940.09.01.01][effectbase.cpp:1783]: HOI4_FACTORY_TRACKER| 1:00, 1 September, 1940|BEL|29|23|0
[15:27:14][1940.09.01.01][effectbase.cpp:1799]: [15:27:14][1940.09.01.01][effectbase.cpp:1783]: HOI4_FACTORY_TRACKER| 1:00, 1 September, 1940|HOL|19|11|4
[15:27:14][1940.09.01.01][effectbase.cpp:1799]: [15:27:14][1940.09.01.01][effectbase.cpp:1783]: HOI4_FACTORY_TRACKER| 1:00, 1 September, 1940|CZE|28|29|0
[15:27:14][1940.09.01.01][effectbase.cpp:1799]: [15:27:14][1940.09.01.01][effectbase.cpp:1783]: HOI4_FACTORY_TRACKER| 1:00, 1 September, 1940|POL|38|32|8
[15:27:14][1940.09.01.01][effectbase.cpp:1799]: [15:27:14][1940.09.01.01][effectbase.cpp:1783]: HOI4_FACTORY_TRACKER| 1:00, 1 September, 1940|AUS|31|22|0
[15:27:14][1940.09.01.01][effectbase.cpp:1799]: [15:27:14][1940.09.01.01][effectbase.cpp:1783]: HOI4_FACTORY_TRACKER| 1:00, 1 September, 1940|LIT|14|3|0
[15:27:14][1940.09.01.01][effectbase.cpp:1799]: [15:27:14][1940.09.01.01][effectbase.cpp:1783]: HOI4_FACTORY_TRACKER| 1:00, 1 September, 1940|EST|23|19|2
[15:27:14][1940.09.01.01][effectbase.cpp:1799]: [15:27:14][1940.09.01.01][effectbase.cpp:1783]: HOI4_FACTORY_TRACKER| 1:00, 1 September, 1940|LAT|21|11|1
[15:27:14][1940.09.01.01][effectbase.cpp:1799]: [15:27:14][1940.09.01.01][effectbase.cpp:1783]: HOI4_FACTORY_TRACKER| 1:00, 1 September, 1940|YUG|25|13|3
[15:27:14][1940.09.01.01][effectbase.cpp:1799]: [15:27:14][1940.09.01.01][effectbase.cpp:1783]: HOI4_FACTORY_TRACKER| 1:00, 1 September, 1940|SWI|21|13|0
[15:27:14][1940.09.01.01][effectbase.cpp:1799]: [15:27:14][1940.09.01.01][effectbase.cpp:1783]: HOI4_FACTORY_TRACKER| 1:00, 1 September, 1940|GRE|14|7|5
[15:27:14][1940.09.01.01][effectbase.cpp:1799]: [15:27:14][1940.09.01.01][effectbase.cpp:1783]: HOI4_FACTORY_TRACKER| 1:00, 1 September, 1940|ALB|9|4|3
[15:27:14][1940.09.01.01][effectbase.cpp:1799]: [15:27:14][1940.09.01.01][effectbase.cpp:1783]: HOI4_FACTORY_TRACKER| 1:00, 1 September, 1940|NOR|26|16|4
[15:27:14][1940.09.01.01][effectbase.cpp:1799]: [15:27:14][1940.09.01.01][effectbase.cpp:1783]: HOI4_FACTORY_TRACKER| 1:00, 1 September, 1940|DEN|24|12|4
[15:27:14][1940.09.01.01][effectbase.cpp:1799]: [15:27:14][1940.09.01.01][effectbase.cpp:1783]: HOI4_FACTORY_TRACKER| 1:00, 1 September, 1940|POR|22|10|11
[15:27:14][1940.09.01.01][effectbase.cpp:1799]: [15:27:14][1940.09.01.01][effectbase.cpp:1783]: HOI4_FACTORY_TRACKER| 1:00, 1 September, 1940|IRE|20|11|0
[15:27:14][1940.09.01.01][effectbase.cpp:1799]: [15:27:14][1940.09.01.01][effectbase.cpp:1783]: HOI4_FACTORY_TRACKER| 1:00, 1 September, 1940|ETH|9|6|0
[15:27:14][1940.09.01.01][effectbase.cpp:1799]: [15:27:14][1940.09.01.01][effectbase.cpp:1783]: HOI4_FACTORY_TRACKER| 1:00, 1 September, 1940|PER|16|10|0
[15:27:14][1940.09.01.01][effectbase.cpp:1799]: [15:27:14][1940.09.01.01][effectbase.cpp:1783]: HOI4_FACTORY_TRACKER| 1:00, 1 September, 1940|MAL|8|6|4
[15:27:14][1940.09.01.01][effectbase.cpp:1799]: [15:27:14][1940.09.01.01][effectbase.cpp:1783]: HOI4_FACTORY_TRACKER| 1:00, 1 September, 1940|INS|15|7|2
[15:27:14][1940.09.01.01][effectbase.cpp:1799]: [15:27:14][1940.09.01.01][effectbase.cpp:1783]: HOI4_FACTORY_TRACKER| 1:00, 1 September, 1940|AFA|0|2|0
[15:27:14][1940.09.01.01][effectbase.cpp:1799]: [15:27:36][1940.10.01.01][effectbase.cpp:1783]: HOI4_FACTORY_TRACKER| 1:00, 1 October, 1940|ADT|268|112|58
[15:27:36][1940.10.01.01][effectbase.cpp:1799]: [15:27:36][1940.10.01.01][effectbase.cpp:1783]: HOI4_FACTORY_TRACKER| 1:00, 1 October, 1940|SWE|45|26|4
[15:27:36][1940.10.01.01][effectbase.cpp:1799]: [15:27:36][1940.10.01.01][effectbase.cpp:1783]: HOI4_FACTORY_TRACKER| 1:00, 1 October, 1940|LUX|9|5|0
[15:27:36][1940.10.01.01][effectbase.cpp:1799]: [15:27:36][1940.10.01.01][effectbase.cpp:1783]: HOI4_FACTORY_TRACKER| 1:00, 1 October, 1940|BEL|29|24|0
[15:27:36][1940.10.01.01][effectbase.cpp:1799]: [15:27:36][1940.10.01.01][effectbase.cpp:1783]: HOI4_FACTORY_TRACKER| 1:00, 1 October, 1940|HOL|19|11|4
[15:27:36][1940.10.01.01][effectbase.cpp:1799]: [15:27:36][1940.10.01.01][effectbase.cpp:1783]: HOI4_FACTORY_TRACKER| 1:00, 1 October, 1940|CZE|28|30|0
[15:27:36][1940.10.01.01][effectbase.cpp:1799]: [15:27:36][1940.10.01.01][effectbase.cpp:1783]: HOI4_FACTORY_TRACKER| 1:00, 1 October, 1940|POL|39|32|8
[15:27:36][1940.10.01.01][effectbase.cpp:1799]: [15:27:36][1940.10.01.01][effectbase.cpp:1783]: HOI4_FACTORY_TRACKER| 1:00, 1 October, 1940|AUS|31|22|0
[15:27:36][1940.10.01.01][effectbase.cpp:1799]: [15:27:36][1940.10.01.01][effectbase.cpp:1783]: HOI4_FACTORY_TRACKER| 1:00, 1 October, 1940|LIT|15|3|0
[15:27:36][1940.10.01.01][effectbase.cpp:1799]: [15:27:36][1940.10.01.01][effectbase.cpp:1783]: HOI4_FACTORY_TRACKER| 1:00, 1 October, 1940|EST|23|19|2
[15:27:36][1940.10.01.01][effectbase.cpp:1799]: [15:27:36][1940.10.01.01][effectbase.cpp:1783]: HOI4_FACTORY_TRACKER| 1:00, 1 October, 1940|LAT|21|11|1
[15:27:36][1940.10.01.01][effectbase.cpp:1799]: [15:27:36][1940.10.01.01][effectbase.cpp:1783]: HOI4_FACTORY_TRACKER| 1:00, 1 October, 1940|YUG|25|14|3
[15:27:36][1940.10.01.01][effectbase.cpp:1799]: [15:27:36][1940.10.01.01][effectbase.cpp:1783]: HOI4_FACTORY_TRACKER| 1:00, 1 October, 1940|SWI|21|13|0
[15:27:36][1940.10.01.01][effectbase.cpp:1799]: [15:27:36][1940.10.01.01][effectbase.cpp:1783]: HOI4_FACTORY_TRACKER| 1:00, 1 October, 1940|GRE|14|7|5
[15:27:36][1940.10.01.01][effectbase.cpp:1799]: [15:27:36][1940.10.01.01][effectbase.cpp:1783]: HOI4_FACTORY_TRACKER| 1:00, 1 October, 1940|ALB|9|4|3
[15:27:36][1940.10.01.01][effectbase.cpp:1799]: [15:27:36][1940.10.01.01][effectbase.cpp:1783]: HOI4_FACTORY_TRACKER| 1:00, 1 October, 1940|NOR|26|16|4
[15:27:36][1940.10.01.01][effectbase.cpp:1799]: [15:27:36][1940.10.01.01][effectbase.cpp:1783]: HOI4_FACTORY_TRACKER| 1:00, 1 October, 1940|DEN|24|12|4
[15:27:36][1940.10.01.01][effectbase.cpp:1799]: [15:27:36][1940.10.01.01][effectbase.cpp:1783]: HOI4_FACTORY_TRACKER| 1:00, 1 October, 1940|POR|21|11|11
[15:27:36][1940.10.01.01][effectbase.cpp:1799]: [15:27:36][1940.10.01.01][effectbase.cpp:1783]: HOI4_FACTORY_TRACKER| 1:00, 1 October, 1940|IRE|20|11|0
[15:27:36][1940.10.01.01][effectbase.cpp:1799]: [15:27:36][1940.10.01.01][effectbase.cpp:1783]: HOI4_FACTORY_TRACKER| 1:00, 1 October, 1940|ETH|9|6|0
[15:27:36][1940.10.01.01][effectbase.cpp:1799]: [15:27:36][1940.10.01.01][effectbase.cpp:1783]: HOI4_FACTORY_TRACKER| 1:00, 1 October, 1940|PER|16|10|0
[15:27:36][1940.10.01.01][effectbase.cpp:1799]: [15:27:36][1940.10.01.01][effectbase.cpp:1783]: HOI4_FACTORY_TRACKER| 1:00, 1 October, 1940|MAL|8|6|4
[15:27:36][1940.10.01.01][effectbase.cpp:1799]: [15:27:36][1940.10.01.01][effectbase.cpp:1783]: HOI4_FACTORY_TRACKER| 1:00, 1 October, 1940|INS|16|7|2
[15:27:36][1940.10.01.01][effectbase.cpp:1799]: [15:27:36][1940.10.01.01][effectbase.cpp:1783]: HOI4_FACTORY_TRACKER| 1:00, 1 October, 1940|AFA|0|2|0
[15:27:36][1940.10.01.01][effectbase.cpp:1799]: [15:27:59][1940.11.01.01][effectbase.cpp:1783]: HOI4_FACTORY_TRACKER| 1:00, 1 November, 1940|ADT|269|113|58
[15:27:59][1940.11.01.01][effectbase.cpp:1799]: [15:27:59][1940.11.01.01][effectbase.cpp:1783]: HOI4_FACTORY_TRACKER| 1:00, 1 November, 1940|SWE|45|29|4
[15:27:59][1940.11.01.01][effectbase.cpp:1799]: [15:27:59][1940.11.01.01][effectbase.cpp:1783]: HOI4_FACTORY_TRACKER| 1:00, 1 November, 1940|LUX|11|5|0
[15:27:59][1940.11.01.01][effectbase.cpp:1799]: [15:27:59][1940.11.01.01][effectbase.cpp:1783]: HOI4_FACTORY_TRACKER| 1:00, 1 November, 1940|BEL|29|25|0
[15:27:59][1940.11.01.01][effectbase.cpp:1799]: [15:27:59][1940.11.01.01][effectbase.cpp:1783]: HOI4_FACTORY_TRACKER| 1:00, 1 November, 1940|HOL|20|11|4
[15:27:59][1940.11.01.01][effectbase.cpp:1799]: [15:27:59][1940.11.01.01][effectbase.cpp:1783]: HOI4_FACTORY_TRACKER| 1:00, 1 November, 1940|CZE|28|31|0
[15:27:59][1940.11.01.01][effectbase.cpp:1799]: [15:27:59][1940.11.01.01][effectbase.cpp:1783]: HOI4_FACTORY_TRACKER| 1:00, 1 November, 1940|POL|39|33|8
[15:27:59][1940.11.01.01][effectbase.cpp:1799]: [15:27:59][1940.11.01.01][effectbase.cpp:1783]: HOI4_FACTORY_TRACKER| 1:00, 1 November, 1940|AUS|35|22|0
[15:27:59][1940.11.01.01][effectbase.cpp:1799]: [15:27:59][1940.11.01.01][effectbase.cpp:1783]: HOI4_FACTORY_TRACKER| 1:00, 1 November, 1940|LIT|15|3|0
[15:27:59][1940.11.01.01][effectbase.cpp:1799]: [15:27:59][1940.11.01.01][effectbase.cpp:1783]: HOI4_FACTORY_TRACKER| 1:00, 1 November, 1940|EST|23|19|2
[15:27:59][1940.11.01.01][effectbase.cpp:1799]: [15:27:59][1940.11.01.01][effectbase.cpp:1783]: HOI4_FACTORY_TRACKER| 1:00, 1 November, 1940|LAT|21|12|1
[15:27:59][1940.11.01.01][effectbase.cpp:1799]: [15:27:59][1940.11.01.01][effectbase.cpp:1783]: HOI4_FACTORY_TRACKER| 1:00, 1 November, 1940|YUG|25|14|3
[15:27:59][1940.11.01.01][effectbase.cpp:1799]: [15:27:59][1940.11.01.01][effectbase.cpp:1783]: HOI4_FACTORY_TRACKER| 1:00, 1 November, 1940|SWI|13|13|0
[15:27:59][1940.11.01.01][effectbase.cpp:1799]: [15:27:59][1940.11.01.01][effectbase.cpp:1783]: HOI4_FACTORY_TRACKER| 1:00, 1 November, 1940|GRE|14|7|5
[15:27:59][1940.11.01.01][effectbase.cpp:1799]: [15:27:59][1940.11.01.01][effectbase.cpp:1783]: HOI4_FACTORY_TRACKER| 1:00, 1 November, 1940|ALB|9|4|3
[15:27:59][1940.11.01.01][effectbase.cpp:1799]: [15:27:59][1940.11.01.01][effectbase.cpp:1783]: HOI4_FACTORY_TRACKER| 1:00, 1 November, 1940|NOR|28|16|4
[15:27:59][1940.11.01.01][effectbase.cpp:1799]: [15:27:59][1940.11.01.01][effectbase.cpp:1783]: HOI4_FACTORY_TRACKER| 1:00, 1 November, 1940|DEN|25|13|4
[15:27:59][1940.11.01.01][effectbase.cpp:1799]: [15:27:59][1940.11.01.01][effectbase.cpp:1783]: HOI4_FACTORY_TRACKER| 1:00, 1 November, 1940|POR|21|11|11
[15:27:59][1940.11.01.01][effectbase.cpp:1799]: [15:27:59][1940.11.01.01][effectbase.cpp:1783]: HOI4_FACTORY_TRACKER| 1:00, 1 November, 1940|IRE|20|12|0
[15:27:59][1940.11.01.01][effectbase.cpp:1799]: [15:27:59][1940.11.01.01][effectbase.cpp:1783]: HOI4_FACTORY_TRACKER| 1:00, 1 November, 1940|ETH|9|7|0
[15:27:59][1940.11.01.01][effectbase.cpp:1799]: [15:27:59][1940.11.01.01][effectbase.cpp:1783]: HOI4_FACTORY_TRACKER| 1:00, 1 November, 1940|PER|17|10|0
[15:27:59][1940.11.01.01][effectbase.cpp:1799]: [15:27:59][1940.11.01.01][effectbase.cpp:1783]: HOI4_FACTORY_TRACKER| 1:00, 1 November, 1940|MAL|8|6|4
[15:27:59][1940.11.01.01][effectbase.cpp:1799]: [15:27:59][1940.11.01.01][effectbase.cpp:1783]: HOI4_FACTORY_TRACKER| 1:00, 1 November, 1940|INS|17|7|2
[15:27:59][1940.11.01.01][effectbase.cpp:1799]: [15:28:25][1940.12.01.01][effectbase.cpp:1783]: HOI4_FACTORY_TRACKER| 1:00, 1 December, 1940|ADT|270|113|58
[15:28:25][1940.12.01.01][effectbase.cpp:1799]: [15:28:25][1940.12.01.01][effectbase.cpp:1783]: HOI4_FACTORY_TRACKER| 1:00, 1 December, 1940|SWE|45|31|4
[15:28:25][1940.12.01.01][effectbase.cpp:1799]: [15:28:25][1940.12.01.01][effectbase.cpp:1783]: HOI4_FACTORY_TRACKER| 1:00, 1 December, 1940|LUX|11|5|0
[15:28:25][1940.12.01.01][effectbase.cpp:1799]: [15:28:25][1940.12.01.01][effectbase.cpp:1783]: HOI4_FACTORY_TRACKER| 1:00, 1 December, 1940|BEL|30|25|0
[15:28:25][1940.12.01.01][effectbase.cpp:1799]: [15:28:25][1940.12.01.01][effectbase.cpp:1783]: HOI4_FACTORY_TRACKER| 1:00, 1 December, 1940|HOL|20|11|4
[15:28:25][1940.12.01.01][effectbase.cpp:1799]: [15:28:25][1940.12.01.01][effectbase.cpp:1783]: HOI4_FACTORY_TRACKER| 1:00, 1 December, 1940|CZE|28|31|0
[15:28:25][1940.12.01.01][effectbase.cpp:1799]: [15:28:25][1940.12.01.01][effectbase.cpp:1783]: HOI4_FACTORY_TRACKER| 1:00, 1 December, 1940|POL|39|33|8
[15:28:25][1940.12.01.01][effectbase.cpp:1799]: [15:28:25][1940.12.01.01][effectbase.cpp:1783]: HOI4_FACTORY_TRACKER| 1:00, 1 December, 1940|AUS|39|22|0
[15:28:25][1940.12.01.01][effectbase.cpp:1799]: [15:28:25][1940.12.01.01][effectbase.cpp:1783]: HOI4_FACTORY_TRACKER| 1:00, 1 December, 1940|LIT|15|3|0
[15:28:25][1940.12.01.01][effectbase.cpp:1799]: [15:28:25][1940.12.01.01][effectbase.cpp:1783]: HOI4_FACTORY_TRACKER| 1:00, 1 December, 1940|EST|24|19|2
[15:28:25][1940.12.01.01][effectbase.cpp:1799]: [15:28:25][1940.12.01.01][effectbase.cpp:1783]: HOI4_FACTORY_TRACKER| 1:00, 1 December, 1940|LAT|21|12|1
[15:28:25][1940.12.01.01][effectbase.cpp:1799]: [15:28:25][1940.12.01.01][effectbase.cpp:1783]: HOI4_FACTORY_TRACKER| 1:00, 1 December, 1940|YUG|25|14|3
[15:28:25][1940.12.01.01][effectbase.cpp:1799]: [15:28:25][1940.12.01.01][effectbase.cpp:1783]: HOI4_FACTORY_TRACKER| 1:00, 1 December, 1940|SWI|17|13|0
[15:28:25][1940.12.01.01][effectbase.cpp:1799]: [15:28:25][1940.12.01.01][effectbase.cpp:1783]: HOI4_FACTORY_TRACKER| 1:00, 1 December, 1940|GRE|15|8|5
[15:28:25][1940.12.01.01][effectbase.cpp:1799]: [15:28:25][1940.12.01.01][effectbase.cpp:1783]: HOI4_FACTORY_TRACKER| 1:00, 1 December, 1940|ALB|9|5|3
[15:28:25][1940.12.01.01][effectbase.cpp:1799]: [15:28:25][1940.12.01.01][effectbase.cpp:1783]: HOI4_FACTORY_TRACKER| 1:00, 1 December, 1940|NOR|28|17|4
[15:28:25][1940.12.01.01][effectbase.cpp:1799]: [15:28:25][1940.12.01.01][effectbase.cpp:1783]: HOI4_FACTORY_TRACKER| 1:00, 1 December, 1940|DEN|25|13|4
[15:28:25][1940.12.01.01][effectbase.cpp:1799]: [15:28:25][1940.12.01.01][effectbase.cpp:1783]: HOI4_FACTORY_TRACKER| 1:00, 1 December, 1940|POR|21|11|11
[15:28:25][1940.12.01.01][effectbase.cpp:1799]: [15:28:25][1940.12.01.01][effectbase.cpp:1783]: HOI4_FACTORY_TRACKER| 1:00, 1 December, 1940|IRE|20|12|0
[15:28:25][1940.12.01.01][effectbase.cpp:1799]: [15:28:25][1940.12.01.01][effectbase.cpp:1783]: HOI4_FACTORY_TRACKER| 1:00, 1 December, 1940|ETH|9|7|0
[15:28:25][1940.12.01.01][effectbase.cpp:1799]: [15:28:25][1940.12.01.01][effectbase.cpp:1783]: HOI4_FACTORY_TRACKER| 1:00, 1 December, 1940|PER|18|10|0
[15:28:25][1940.12.01.01][effectbase.cpp:1799]: [15:28:25][1940.12.01.01][effectbase.cpp:1783]: HOI4_FACTORY_TRACKER| 1:00, 1 December, 1940|MAL|8|6|4
[15:28:25][1940.12.01.01][effectbase.cpp:1799]: [15:28:25][1940.12.01.01][effectbase.cpp:1783]: HOI4_FACTORY_TRACKER| 1:00, 1 December, 1940|INS|17|7|2
[15:28:25][1940.12.01.01][effectbase.cpp:1799]: [15:28:45][1940.12.28.13][effectbase.cpp:1783]: random event 1
[15:28:45][1940.12.28.13][effectbase.cpp:1799]: [15:28:48][1941.01.01.01][effectbase.cpp:1783]: HOI4_FACTORY_TRACKER| 1:00, 1 January, 1941|ADT|273|114|58
[15:28:48][1941.01.01.01][effectbase.cpp:1799]: [15:28:48][1941.01.01.01][effectbase.cpp:1783]: HOI4_FACTORY_TRACKER| 1:00, 1 January, 1941|SWE|45|32|4
[15:28:48][1941.01.01.01][effectbase.cpp:1799]: [15:28:48][1941.01.01.01][effectbase.cpp:1783]: HOI4_FACTORY_TRACKER| 1:00, 1 January, 1941|LUX|11|5|0
[15:28:48][1941.01.01.01][effectbase.cpp:1799]: [15:28:48][1941.01.01.01][effectbase.cpp:1783]: HOI4_FACTORY_TRACKER| 1:00, 1 January, 1941|BEL|30|26|0
[15:28:48][1941.01.01.01][effectbase.cpp:1799]: [15:28:48][1941.01.01.01][effectbase.cpp:1783]: HOI4_FACTORY_TRACKER| 1:00, 1 January, 1941|HOL|21|11|4
[15:28:48][1941.01.01.01][effectbase.cpp:1799]: [15:28:48][1941.01.01.01][effectbase.cpp:1783]: HOI4_FACTORY_TRACKER| 1:00, 1 January, 1941|CZE|29|31|0
[15:28:48][1941.01.01.01][effectbase.cpp:1799]: [15:28:48][1941.01.01.01][effectbase.cpp:1783]: HOI4_FACTORY_TRACKER| 1:00, 1 January, 1941|POL|41|34|8
[15:28:48][1941.01.01.01][effectbase.cpp:1799]: [15:28:48][1941.01.01.01][effectbase.cpp:1783]: HOI4_FACTORY_TRACKER| 1:00, 1 January, 1941|AUS|40|22|0
[15:28:48][1941.01.01.01][effectbase.cpp:1799]: [15:28:48][1941.01.01.01][effectbase.cpp:1783]: HOI4_FACTORY_TRACKER| 1:00, 1 January, 1941|LIT|16|3|0
[15:28:48][1941.01.01.01][effectbase.cpp:1799]: [15:28:48][1941.01.01.01][effectbase.cpp:1783]: HOI4_FACTORY_TRACKER| 1:00, 1 January, 1941|EST|24|20|2
[15:28:48][1941.01.01.01][effectbase.cpp:1799]: [15:28:48][1941.01.01.01][effectbase.cpp:1783]: HOI4_FACTORY_TRACKER| 1:00, 1 January, 1941|LAT|22|12|1
[15:28:48][1941.01.01.01][effectbase.cpp:1799]: [15:28:48][1941.01.01.01][effectbase.cpp:1783]: HOI4_FACTORY_TRACKER| 1:00, 1 January, 1941|YUG|25|14|3
[15:28:48][1941.01.01.01][effectbase.cpp:1799]: [15:28:48][1941.01.01.01][effectbase.cpp:1783]: HOI4_FACTORY_TRACKER| 1:00, 1 January, 1941|SWI|13|13|0
[15:28:48][1941.01.01.01][effectbase.cpp:1799]: [15:28:48][1941.01.01.01][effectbase.cpp:1783]: HOI4_FACTORY_TRACKER| 1:00, 1 January, 1941|GRE|14|8|5
[15:28:48][1941.01.01.01][effectbase.cpp:1799]: [15:28:48][1941.01.01.01][effectbase.cpp:1783]: HOI4_FACTORY_TRACKER| 1:00, 1 January, 1941|ALB|9|5|3
[15:28:48][1941.01.01.01][effectbase.cpp:1799]: [15:28:48][1941.01.01.01][effectbase.cpp:1783]: HOI4_FACTORY_TRACKER| 1:00, 1 January, 1941|NOR|26|17|4
[15:28:48][1941.01.01.01][effectbase.cpp:1799]: [15:28:48][1941.01.01.01][effectbase.cpp:1783]: HOI4_FACTORY_TRACKER| 1:00, 1 January, 1941|DEN|26|13|4
[15:28:48][1941.01.01.01][effectbase.cpp:1799]: [15:28:48][1941.01.01.01][effectbase.cpp:1783]: HOI4_FACTORY_TRACKER| 1:00, 1 January, 1941|POR|21|13|11
[15:28:48][1941.01.01.01][effectbase.cpp:1799]: [15:28:48][1941.01.01.01][effectbase.cpp:1783]: HOI4_FACTORY_TRACKER| 1:00, 1 January, 1941|IRE|20|13|3
[15:28:48][1941.01.01.01][effectbase.cpp:1799]: [15:28:48][1941.01.01.01][effectbase.cpp:1783]: HOI4_FACTORY_TRACKER| 1:00, 1 January, 1941|ETH|9|7|0
[15:28:48][1941.01.01.01][effectbase.cpp:1799]: [15:28:48][1941.01.01.01][effectbase.cpp:1783]: HOI4_FACTORY_TRACKER| 1:00, 1 January, 1941|PER|18|10|0
[15:28:48][1941.01.01.01][effectbase.cpp:1799]: [15:28:48][1941.01.01.01][effectbase.cpp:1783]: HOI4_FACTORY_TRACKER| 1:00, 1 January, 1941|MAL|8|6|4
[15:28:48][1941.01.01.01][effectbase.cpp:1799]: [15:28:48][1941.01.01.01][effectbase.cpp:1783]: HOI4_FACTORY_TRACKER| 1:00, 1 January, 1941|INS|18|8|2
[15:28:48][1941.01.01.01][effectbase.cpp:1799]: [15:29:05][1941.01.21.20][effectbase.cpp:1783]: random 2: Industry 
[15:29:05][1941.01.21.20][effectbase.cpp:1799]: [15:29:13][1941.02.01.01][effectbase.cpp:1783]: HOI4_FACTORY_TRACKER| 1:00, 1 February, 1941|ADT|274|114|59
[15:29:13][1941.02.01.01][effectbase.cpp:1799]: [15:29:13][1941.02.01.01][effectbase.cpp:1783]: HOI4_FACTORY_TRACKER| 1:00, 1 February, 1941|SWE|46|32|4
[15:29:13][1941.02.01.01][effectbase.cpp:1799]: [15:29:13][1941.02.01.01][effectbase.cpp:1783]: HOI4_FACTORY_TRACKER| 1:00, 1 February, 1941|LUX|11|5|0
[15:29:13][1941.02.01.01][effectbase.cpp:1799]: [15:29:13][1941.02.01.01][effectbase.cpp:1783]: HOI4_FACTORY_TRACKER| 1:00, 1 February, 1941|BEL|30|26|0
[15:29:13][1941.02.01.01][effectbase.cpp:1799]: [15:29:13][1941.02.01.01][effectbase.cpp:1783]: HOI4_FACTORY_TRACKER| 1:00, 1 February, 1941|HOL|21|11|4
[15:29:13][1941.02.01.01][effectbase.cpp:1799]: [15:29:13][1941.02.01.01][effectbase.cpp:1783]: HOI4_FACTORY_TRACKER| 1:00, 1 February, 1941|CZE|29|31|0
[15:29:13][1941.02.01.01][effectbase.cpp:1799]: [15:29:13][1941.02.01.01][effectbase.cpp:1783]: HOI4_FACTORY_TRACKER| 1:00, 1 February, 1941|POL|41|35|8
[15:29:13][1941.02.01.01][effectbase.cpp:1799]: [15:29:13][1941.02.01.01][effectbase.cpp:1783]: HOI4_FACTORY_TRACKER| 1:00, 1 February, 1941|AUS|36|22|0
[15:29:13][1941.02.01.01][effectbase.cpp:1799]: [15:29:13][1941.02.01.01][effectbase.cpp:1783]: HOI4_FACTORY_TRACKER| 1:00, 1 February, 1941|LIT|16|3|0
[15:29:13][1941.02.01.01][effectbase.cpp:1799]: [15:29:13][1941.02.01.01][effectbase.cpp:1783]: HOI4_FACTORY_TRACKER| 1:00, 1 February, 1941|EST|24|21|2
[15:29:13][1941.02.01.01][effectbase.cpp:1799]: [15:29:13][1941.02.01.01][effectbase.cpp:1783]: HOI4_FACTORY_TRACKER| 1:00, 1 February, 1941|LAT|22|15|1
[15:29:13][1941.02.01.01][effectbase.cpp:1799]: [15:29:13][1941.02.01.01][effectbase.cpp:1783]: HOI4_FACTORY_TRACKER| 1:00, 1 February, 1941|YUG|26|15|3
[15:29:13][1941.02.01.01][effectbase.cpp:1799]: [15:29:13][1941.02.01.01][effectbase.cpp:1783]: HOI4_FACTORY_TRACKER| 1:00, 1 February, 1941|SWI|18|13|0
[15:29:13][1941.02.01.01][effectbase.cpp:1799]: [15:29:13][1941.02.01.01][effectbase.cpp:1783]: HOI4_FACTORY_TRACKER| 1:00, 1 February, 1941|GRE|14|9|5
[15:29:13][1941.02.01.01][effectbase.cpp:1799]: [15:29:13][1941.02.01.01][effectbase.cpp:1783]: HOI4_FACTORY_TRACKER| 1:00, 1 February, 1941|ALB|9|5|3
[15:29:13][1941.02.01.01][effectbase.cpp:1799]: [15:29:13][1941.02.01.01][effectbase.cpp:1783]: HOI4_FACTORY_TRACKER| 1:00, 1 February, 1941|NOR|26|18|4
[15:29:13][1941.02.01.01][effectbase.cpp:1799]: [15:29:13][1941.02.01.01][effectbase.cpp:1783]: HOI4_FACTORY_TRACKER| 1:00, 1 February, 1941|DEN|26|13|4
[15:29:13][1941.02.01.01][effectbase.cpp:1799]: [15:29:13][1941.02.01.01][effectbase.cpp:1783]: HOI4_FACTORY_TRACKER| 1:00, 1 February, 1941|POR|21|13|11
[15:29:13][1941.02.01.01][effectbase.cpp:1799]: [15:29:13][1941.02.01.01][effectbase.cpp:1783]: HOI4_FACTORY_TRACKER| 1:00, 1 February, 1941|IRE|20|13|3
[15:29:13][1941.02.01.01][effectbase.cpp:1799]: [15:29:13][1941.02.01.01][effectbase.cpp:1783]: HOI4_FACTORY_TRACKER| 1:00, 1 February, 1941|ETH|9|8|0
[15:29:13][1941.02.01.01][effectbase.cpp:1799]: [15:29:13][1941.02.01.01][effectbase.cpp:1783]: HOI4_FACTORY_TRACKER| 1:00, 1 February, 1941|PER|17|10|0
[15:29:13][1941.02.01.01][effectbase.cpp:1799]: [15:29:13][1941.02.01.01][effectbase.cpp:1783]: HOI4_FACTORY_TRACKER| 1:00, 1 February, 1941|MAL|8|6|4
[15:29:13][1941.02.01.01][effectbase.cpp:1799]: [15:29:13][1941.02.01.01][effectbase.cpp:1783]: HOI4_FACTORY_TRACKER| 1:00, 1 February, 1941|INS|18|8|2
[15:29:13][1941.02.01.01][effectbase.cpp:1799]: 